/*******************************************************************************
 * Size: 83 px
 * Bpp: 1
 * Opts: --size 83 --bpp 1 --format lvgl --font fonts/VeetrDigits.ttf --symbols 0123456789.- --range 0x20-0x7F --lv-font-name veetr_value_83 --output src/screens/veetr_value_83.c
 ******************************************************************************/

#ifdef LV_LVGL_H_INCLUDE_SIMPLE
#include "lvgl.h"
#else
#include "lvgl/lvgl.h"
#endif

#ifndef VEETR_VALUE_83
#define VEETR_VALUE_83 1
#endif

#if VEETR_VALUE_83

/*-----------------
 *    BITMAPS
 *----------------*/

/*Store the image of the glyphs*/
static LV_ATTRIBUTE_LARGE_CONST const uint8_t glyph_bitmap[] = {
    /* U+0020 " " */
    0x0,

    /* U+0021 "!" */
    0xff, 0xff, 0xff, 0xff, 0xff, 0xff, 0xff, 0xff,
    0xff, 0xff, 0xff, 0xff, 0xff, 0xff, 0xff, 0xff,
    0xff, 0xff, 0xff, 0xff, 0xff, 0xff, 0xfd, 0xfb,
    0xe7, 0xcf, 0x9f, 0x3e, 0x7c, 0xf9, 0xf3, 0xe7,
    0xcf, 0x9f, 0x3e, 0x7c, 0xf9, 0xf1, 0xe0, 0x0,
    0x0, 0x0, 0x0, 0x0, 0x7, 0xff, 0xff, 0xff,
    0xff, 0xff, 0xff, 0xf8,

    /* U+0022 "\"" */
    0xfe, 0x1f, 0xff, 0x87, 0xff, 0xe1, 0xff, 0xf8,
    0x7f, 0xfe, 0x1f, 0xff, 0x87, 0xff, 0xe1, 0xff,
    0xf8, 0x7f, 0xfe, 0x1f, 0xff, 0x87, 0xff, 0xe1,
    0xff, 0xf8, 0x7f, 0xfe, 0x1f, 0xdf, 0x3, 0xe7,
    0xc0, 0xf9, 0xf0, 0x3e, 0x7c, 0xf, 0x9f, 0x3,
    0xe7, 0xc0, 0xf9, 0xf0, 0x3e, 0x3c, 0x7, 0x0,

    /* U+0023 "#" */
    0x0, 0x7, 0xc0, 0xf, 0x80, 0x0, 0x7c, 0x0,
    0xf8, 0x0, 0xf, 0x80, 0xf, 0x80, 0x0, 0xf8,
    0x0, 0xf8, 0x0, 0xf, 0x80, 0x1f, 0x0, 0x0,
    0xf8, 0x1, 0xf0, 0x0, 0xf, 0x80, 0x1f, 0x0,
    0x0, 0xf8, 0x1, 0xf0, 0x0, 0x1f, 0x0, 0x1f,
    0x0, 0x1, 0xf0, 0x1, 0xf0, 0x0, 0x1f, 0x0,
    0x3e, 0x0, 0x1, 0xf0, 0x3, 0xe0, 0x0, 0x1f,
    0x0, 0x3e, 0x0, 0x1, 0xf0, 0x3, 0xe0, 0x0,
    0x3e, 0x0, 0x3e, 0x0, 0x3, 0xe0, 0x3, 0xe0,
    0x0, 0x3e, 0x0, 0x7c, 0xf, 0xff, 0xff, 0xff,
    0xff, 0xff, 0xff, 0xff, 0xff, 0xff, 0xff, 0xff,
    0xff, 0xff, 0xff, 0xff, 0xff, 0xff, 0xff, 0xff,
    0xff, 0xff, 0xff, 0xff, 0xff, 0xff, 0xff, 0xf0,
    0x7, 0xc0, 0xf, 0x80, 0x0, 0x7c, 0x0, 0xf8,
    0x0, 0x7, 0xc0, 0xf, 0x80, 0x0, 0xf8, 0x0,
    0xf8, 0x0, 0xf, 0x80, 0xf, 0x80, 0x0, 0xf8,
    0x1, 0xf0, 0x0, 0xf, 0x80, 0x1f, 0x0, 0x0,
    0xf8, 0x1, 0xf0, 0x0, 0xf, 0x80, 0x1f, 0x0,
    0x1, 0xf0, 0x1, 0xf0, 0x0, 0x1f, 0x0, 0x1f,
    0x0, 0x1, 0xf0, 0x3, 0xe0, 0x0, 0x1f, 0x0,
    0x3e, 0x0, 0x1, 0xf0, 0x3, 0xe0, 0x0, 0x1f,
    0x0, 0x3e, 0x0, 0xff, 0xff, 0xff, 0xff, 0xff,
    0xff, 0xff, 0xff, 0xff, 0xff, 0xff, 0xff, 0xff,
    0xff, 0xff, 0xff, 0xff, 0xff, 0xff, 0xff, 0xff,
    0xff, 0xff, 0xff, 0xff, 0xff, 0xff, 0x7, 0xc0,
    0x7, 0xc0, 0x0, 0x7c, 0x0, 0x7c, 0x0, 0x7,
    0xc0, 0xf, 0x80, 0x0, 0x7c, 0x0, 0xf8, 0x0,
    0x7, 0xc0, 0xf, 0x80, 0x0, 0x7c, 0x0, 0xf8,
    0x0, 0xf, 0x80, 0xf, 0x80, 0x0, 0xf8, 0x0,
    0xf8, 0x0, 0xf, 0x80, 0x1f, 0x0, 0x0, 0xf8,
    0x1, 0xf0, 0x0, 0xf, 0x80, 0x1f, 0x0, 0x0,
    0xf8, 0x1, 0xf0, 0x0, 0x1f, 0x0, 0x1f, 0x0,
    0x1, 0xf0, 0x1, 0xf0, 0x0, 0x1f, 0x0, 0x3e,
    0x0, 0x1, 0xf0, 0x3, 0xe0, 0x0, 0x1f, 0x0,
    0x3e, 0x0, 0x1, 0xf0, 0x3, 0xe0, 0x0,

    /* U+0024 "$" */
    0x0, 0x3, 0xc0, 0x0, 0x0, 0x3, 0xc0, 0x0,
    0x0, 0x3, 0xc0, 0x0, 0x0, 0x3, 0xc0, 0x0,
    0x0, 0x1f, 0xf8, 0x0, 0x0, 0x7f, 0xfe, 0x0,
    0x1, 0xff, 0xff, 0x80, 0x3, 0xff, 0xff, 0xc0,
    0x7, 0xff, 0xff, 0xe0, 0xf, 0xff, 0xff, 0xf0,
    0x1f, 0xfb, 0xdf, 0xf0, 0x1f, 0xe3, 0xc7, 0xf8,
    0x3f, 0xc3, 0xc3, 0xf8, 0x3f, 0x83, 0xc1, 0xfc,
    0x3f, 0x3, 0xc1, 0xfc, 0x3f, 0x3, 0xc0, 0xfc,
    0x7e, 0x3, 0xc0, 0xfc, 0x7e, 0x3, 0xc0, 0xfe,
    0x7e, 0x3, 0xc0, 0x7e, 0x7e, 0x3, 0xc0, 0x40,
    0x7e, 0x3, 0xc0, 0x0, 0x7e, 0x3, 0xc0, 0x0,
    0x7e, 0x3, 0xc0, 0x0, 0x7e, 0x3, 0xc0, 0x0,
    0x7f, 0x3, 0xc0, 0x0, 0x7f, 0x3, 0xc0, 0x0,
    0x3f, 0x83, 0xc0, 0x0, 0x3f, 0xc3, 0xc0, 0x0,
    0x1f, 0xe3, 0xc0, 0x0, 0x1f, 0xf3, 0xc0, 0x0,
    0xf, 0xff, 0xc0, 0x0, 0xf, 0xff, 0xe0, 0x0,
    0x7, 0xff, 0xfc, 0x0, 0x3, 0xff, 0xff, 0x0,
    0x0, 0xff, 0xff, 0xc0, 0x0, 0x7f, 0xff, 0xe0,
    0x0, 0x1f, 0xff, 0xf0, 0x0, 0x3, 0xff, 0xf8,
    0x0, 0x3, 0xff, 0xf8, 0x0, 0x3, 0xc7, 0xfc,
    0x0, 0x3, 0xc3, 0xfc, 0x0, 0x3, 0xc1, 0xfe,
    0x0, 0x3, 0xc0, 0xfe, 0x0, 0x3, 0xc0, 0x7e,
    0x0, 0x3, 0xc0, 0x7f, 0x0, 0x3, 0xc0, 0x3f,
    0x0, 0x3, 0xc0, 0x3f, 0x0, 0x3, 0xc0, 0x3f,
    0x3c, 0x3, 0xc0, 0x3f, 0xfc, 0x3, 0xc0, 0x3f,
    0xfc, 0x3, 0xc0, 0x3f, 0xfe, 0x3, 0xc0, 0x3f,
    0xfe, 0x3, 0xc0, 0x3f, 0xfe, 0x3, 0xc0, 0x7f,
    0x7f, 0x3, 0xc0, 0x7e, 0x7f, 0x3, 0xc0, 0x7e,
    0x7f, 0x3, 0xc0, 0xfe, 0x7f, 0x83, 0xc1, 0xfc,
    0x3f, 0xc3, 0xc3, 0xfc, 0x3f, 0xe3, 0xc7, 0xf8,
    0x1f, 0xff, 0xff, 0xf8, 0xf, 0xff, 0xff, 0xf0,
    0x7, 0xff, 0xff, 0xe0, 0x3, 0xff, 0xff, 0xc0,
    0x1, 0xff, 0xff, 0x80, 0x0, 0x7f, 0xfe, 0x0,
    0x0, 0x7, 0xc0, 0x0, 0x0, 0x3, 0xc0, 0x0,
    0x0, 0x3, 0xc0, 0x0, 0x0, 0x3, 0xc0, 0x0,
    0x0, 0x3, 0xc0, 0x0, 0x0, 0x3, 0xc0, 0x0,
    0x0, 0x3, 0xc0, 0x0, 0x0, 0x3, 0xc0, 0x0,

    /* U+0025 "%" */
    0x1, 0xf8, 0x0, 0x0, 0x7, 0xc0, 0x0, 0x7f,
    0xe0, 0x0, 0x0, 0x78, 0x0, 0xf, 0xff, 0x80,
    0x0, 0xf, 0x80, 0x1, 0xff, 0xf8, 0x0, 0x0,
    0xf8, 0x0, 0x1f, 0xff, 0xc0, 0x0, 0x1f, 0x0,
    0x3, 0xf8, 0xfe, 0x0, 0x1, 0xf0, 0x0, 0x3e,
    0x3, 0xe0, 0x0, 0x1e, 0x0, 0x7, 0xe0, 0x3f,
    0x0, 0x3, 0xe0, 0x0, 0x7c, 0x1, 0xf0, 0x0,
    0x3c, 0x0, 0x7, 0xc0, 0x1f, 0x0, 0x7, 0xc0,
    0x0, 0xf8, 0x0, 0xf8, 0x0, 0x7c, 0x0, 0xf,
    0x80, 0xf, 0x80, 0xf, 0x80, 0x0, 0xf8, 0x0,
    0xf8, 0x0, 0xf8, 0x0, 0xf, 0x80, 0xf, 0x80,
    0xf, 0x0, 0x0, 0xf8, 0x0, 0xf8, 0x1, 0xf0,
    0x0, 0xf, 0x80, 0xf, 0x80, 0x1f, 0x0, 0x0,
    0xf8, 0x0, 0xf8, 0x3, 0xe0, 0x0, 0xf, 0x80,
    0xf, 0x80, 0x3e, 0x0, 0x0, 0xf8, 0x0, 0xf8,
    0x7, 0xc0, 0x0, 0xf, 0x80, 0xf, 0x80, 0x7c,
    0x0, 0x0, 0xf8, 0x0, 0xf8, 0x7, 0x80, 0x0,
    0xf, 0x80, 0xf, 0x80, 0xf8, 0x0, 0x0, 0x7c,
    0x1, 0xf0, 0xf, 0x80, 0x0, 0x7, 0xc0, 0x1f,
    0x1, 0xf0, 0x0, 0x0, 0x7e, 0x3, 0xf0, 0x1f,
    0x0, 0x0, 0x3, 0xe0, 0x3e, 0x3, 0xe0, 0x0,
    0x0, 0x3f, 0x8f, 0xe0, 0x3e, 0x0, 0x0, 0x1,
    0xff, 0xfc, 0x3, 0xe0, 0x0, 0x0, 0x1f, 0xff,
    0x80, 0x7c, 0x0, 0x0, 0x0, 0xff, 0xf0, 0x7,
    0xc0, 0x0, 0x0, 0x3, 0xfe, 0x0, 0xf8, 0x0,
    0x0, 0x0, 0x1f, 0x80, 0xf, 0x80, 0x0, 0x0,
    0x0, 0x0, 0x1, 0xf0, 0x1, 0xf8, 0x0, 0x0,
    0x0, 0x1f, 0x0, 0x7f, 0xe0, 0x0, 0x0, 0x1,
    0xf0, 0xf, 0xff, 0x0, 0x0, 0x0, 0x3e, 0x1,
    0xff, 0xf8, 0x0, 0x0, 0x3, 0xe0, 0x3f, 0xff,
    0x80, 0x0, 0x0, 0x7c, 0x3, 0xf0, 0xfc, 0x0,
    0x0, 0x7, 0xc0, 0x7e, 0x7, 0xe0, 0x0, 0x0,
    0xfc, 0x7, 0xc0, 0x3e, 0x0, 0x0, 0xf, 0x80,
    0x7c, 0x3, 0xe0, 0x0, 0x0, 0xf8, 0xf, 0xc0,
    0x3e, 0x0, 0x0, 0x1f, 0x0, 0xf8, 0x1, 0xf0,
    0x0, 0x1, 0xf0, 0xf, 0x80, 0x1f, 0x0, 0x0,
    0x3e, 0x0, 0xf8, 0x1, 0xf0, 0x0, 0x3, 0xe0,
    0xf, 0x80, 0x1f, 0x0, 0x0, 0x3e, 0x0, 0xf8,
    0x1, 0xf0, 0x0, 0x7, 0xc0, 0xf, 0x80, 0x1f,
    0x0, 0x0, 0x7c, 0x0, 0xf8, 0x1, 0xf0, 0x0,
    0xf, 0x80, 0xf, 0x80, 0x1f, 0x0, 0x0, 0xf8,
    0x0, 0xf8, 0x1, 0xf0, 0x0, 0x1f, 0x80, 0xf,
    0x80, 0x1f, 0x0, 0x1, 0xf0, 0x0, 0xf8, 0x1,
    0xf0, 0x0, 0x1f, 0x0, 0x7, 0xc0, 0x3e, 0x0,
    0x3, 0xe0, 0x0, 0x7c, 0x3, 0xe0, 0x0, 0x3e,
    0x0, 0x7, 0xc0, 0x3e, 0x0, 0x7, 0xc0, 0x0,
    0x7e, 0x7, 0xc0, 0x0, 0x7c, 0x0, 0x3, 0xf0,
    0xfc, 0x0, 0xf, 0xc0, 0x0, 0x3f, 0xff, 0x80,
    0x0, 0xf8, 0x0, 0x1, 0xff, 0xf8, 0x0, 0xf,
    0x80, 0x0, 0xf, 0xff, 0x0, 0x1, 0xf0, 0x0,
    0x0, 0x7f, 0xe0, 0x0, 0x1f, 0x0, 0x0, 0x1,
    0xf8, 0x0,

    /* U+0026 "&" */
    0x0, 0x1, 0xf8, 0x0, 0x0, 0x0, 0xf, 0xfe,
    0x0, 0x0, 0x0, 0x1f, 0xff, 0x80, 0x0, 0x0,
    0x3f, 0xff, 0xc0, 0x0, 0x0, 0x7f, 0xff, 0xe0,
    0x0, 0x0, 0xff, 0xff, 0xe0, 0x0, 0x0, 0xfe,
    0xf, 0xf0, 0x0, 0x1, 0xfc, 0x7, 0xf0, 0x0,
    0x1, 0xf8, 0x3, 0xf0, 0x0, 0x3, 0xf8, 0x3,
    0xf8, 0x0, 0x3, 0xf0, 0x1, 0xf8, 0x0, 0x3,
    0xf0, 0x1, 0xf8, 0x0, 0x3, 0xf0, 0x1, 0xf8,
    0x0, 0x3, 0xf0, 0x1, 0xf8, 0x0, 0x3, 0xf0,
    0x1, 0xf8, 0x0, 0x3, 0xf8, 0x1, 0xf8, 0x0,
    0x3, 0xf8, 0x3, 0xf8, 0x0, 0x1, 0xfc, 0x3,
    0xf0, 0x0, 0x1, 0xfc, 0x7, 0xf0, 0x0, 0x1,
    0xfe, 0xf, 0xe0, 0x0, 0x0, 0xff, 0x1f, 0xe0,
    0x0, 0x0, 0xff, 0x3f, 0xc0, 0x0, 0x0, 0x7f,
    0xff, 0x80, 0x0, 0x0, 0x7f, 0xff, 0x0, 0x0,
    0x0, 0x3f, 0xfe, 0x0, 0x0, 0x0, 0x1f, 0xfc,
    0x0, 0x0, 0x0, 0x1f, 0xf8, 0x0, 0x0, 0x0,
    0x7f, 0xf0, 0x0, 0x0, 0x0, 0xff, 0xf8, 0x0,
    0x0, 0x1, 0xff, 0xf8, 0x0, 0x0, 0x3, 0xff,
    0xfc, 0x0, 0x0, 0x7, 0xfd, 0xfe, 0x0, 0x0,
    0xf, 0xf9, 0xfe, 0x0, 0x0, 0x1f, 0xe0, 0xff,
    0x1, 0xe0, 0x1f, 0xc0, 0x7f, 0x83, 0xf8, 0x3f,
    0x80, 0x7f, 0x83, 0xf8, 0x7f, 0x0, 0x3f, 0xc3,
    0xf8, 0x7f, 0x0, 0x1f, 0xe3, 0xf0, 0x7e, 0x0,
    0x1f, 0xe7, 0xf0, 0xfe, 0x0, 0xf, 0xf7, 0xf0,
    0xfc, 0x0, 0x7, 0xf7, 0xe0, 0xfc, 0x0, 0x7,
    0xff, 0xe0, 0xfc, 0x0, 0x3, 0xff, 0xe0, 0xfc,
    0x0, 0x1, 0xff, 0xc0, 0xfc, 0x0, 0x1, 0xff,
    0xc0, 0xfc, 0x0, 0x0, 0xff, 0x80, 0xfc, 0x0,
    0x0, 0x7f, 0x80, 0xfe, 0x0, 0x0, 0x7f, 0x80,
    0x7e, 0x0, 0x0, 0x7f, 0xc0, 0x7e, 0x0, 0x0,
    0xff, 0xe0, 0x7f, 0x0, 0x1, 0xff, 0xe0, 0x3f,
    0x80, 0x1, 0xff, 0xf0, 0x3f, 0xc0, 0x7, 0xff,
    0xf8, 0x1f, 0xe0, 0xf, 0xff, 0xfc, 0x1f, 0xf0,
    0x3f, 0xf3, 0xfe, 0xf, 0xff, 0xff, 0xe1, 0xff,
    0x7, 0xff, 0xff, 0xc0, 0xff, 0x3, 0xff, 0xff,
    0x80, 0xfe, 0x1, 0xff, 0xfe, 0x0, 0x7c, 0x0,
    0xff, 0xfc, 0x0, 0x3c, 0x0, 0x1f, 0xe0, 0x0,
    0x18,

    /* U+0027 "'" */
    0xff, 0xff, 0xff, 0xff, 0xff, 0xff, 0xff, 0xff,
    0xff, 0xff, 0xff, 0xef, 0x9f, 0x3e, 0x7c, 0xf9,
    0xf3, 0xe7, 0x80,

    /* U+0028 "(" */
    0x0, 0x1f, 0x0, 0x1e, 0x0, 0x3e, 0x0, 0x3c,
    0x0, 0x7c, 0x0, 0x78, 0x0, 0xf8, 0x0, 0xf8,
    0x1, 0xf0, 0x1, 0xf0, 0x3, 0xe0, 0x3, 0xe0,
    0x7, 0xe0, 0x7, 0xc0, 0x7, 0xc0, 0xf, 0x80,
    0xf, 0x80, 0x1f, 0x80, 0x1f, 0x80, 0x1f, 0x0,
    0x1f, 0x0, 0x3f, 0x0, 0x3f, 0x0, 0x3e, 0x0,
    0x3e, 0x0, 0x7e, 0x0, 0x7e, 0x0, 0x7e, 0x0,
    0x7e, 0x0, 0x7e, 0x0, 0xfc, 0x0, 0xfc, 0x0,
    0xfc, 0x0, 0xfc, 0x0, 0xfc, 0x0, 0xfc, 0x0,
    0xfc, 0x0, 0xfc, 0x0, 0xfc, 0x0, 0xfc, 0x0,
    0xfc, 0x0, 0xfc, 0x0, 0xfc, 0x0, 0xfc, 0x0,
    0xfc, 0x0, 0xfc, 0x0, 0xfc, 0x0, 0x7c, 0x0,
    0x7e, 0x0, 0x7e, 0x0, 0x7e, 0x0, 0x7e, 0x0,
    0x7e, 0x0, 0x3e, 0x0, 0x3f, 0x0, 0x3f, 0x0,
    0x3f, 0x0, 0x1f, 0x0, 0x1f, 0x0, 0x1f, 0x80,
    0xf, 0x80, 0xf, 0x80, 0xf, 0xc0, 0x7, 0xc0,
    0x7, 0xc0, 0x7, 0xe0, 0x3, 0xe0, 0x3, 0xe0,
    0x1, 0xf0, 0x1, 0xf0, 0x0, 0xf0, 0x0, 0xf8,
    0x0, 0x78, 0x0, 0x7c, 0x0, 0x3c, 0x0, 0x3e,
    0x0, 0x1e, 0x0, 0x1f,

    /* U+0029 ")" */
    0xf8, 0x0, 0x78, 0x0, 0x7c, 0x0, 0x3c, 0x0,
    0x3e, 0x0, 0x1e, 0x0, 0x1f, 0x0, 0x1f, 0x0,
    0xf, 0x80, 0xf, 0x80, 0x7, 0xc0, 0x7, 0xc0,
    0x7, 0xe0, 0x3, 0xe0, 0x3, 0xe0, 0x1, 0xf0,
    0x1, 0xf0, 0x1, 0xf0, 0x1, 0xf8, 0x0, 0xf8,
    0x0, 0xf8, 0x0, 0xfc, 0x0, 0xfc, 0x0, 0xfc,
    0x0, 0x7c, 0x0, 0x7e, 0x0, 0x7e, 0x0, 0x7e,
    0x0, 0x7e, 0x0, 0x7e, 0x0, 0x3e, 0x0, 0x3f,
    0x0, 0x3f, 0x0, 0x3f, 0x0, 0x3f, 0x0, 0x3f,
    0x0, 0x3f, 0x0, 0x3f, 0x0, 0x3f, 0x0, 0x3f,
    0x0, 0x3f, 0x0, 0x3f, 0x0, 0x3f, 0x0, 0x3f,
    0x0, 0x3f, 0x0, 0x3f, 0x0, 0x3f, 0x0, 0x3e,
    0x0, 0x7e, 0x0, 0x7e, 0x0, 0x7e, 0x0, 0x7e,
    0x0, 0x7e, 0x0, 0x7c, 0x0, 0xfc, 0x0, 0xfc,
    0x0, 0xfc, 0x0, 0xf8, 0x1, 0xf8, 0x1, 0xf8,
    0x1, 0xf8, 0x1, 0xf0, 0x3, 0xf0, 0x3, 0xe0,
    0x3, 0xe0, 0x7, 0xe0, 0x7, 0xc0, 0x7, 0xc0,
    0xf, 0x80, 0xf, 0x80, 0x1f, 0x80, 0x1f, 0x0,
    0x1e, 0x0, 0x3e, 0x0, 0x3c, 0x0, 0x7c, 0x0,
    0x78, 0x0, 0xf8, 0x0,

    /* U+002A "*" */
    0x0, 0x7c, 0x0, 0x0, 0xf8, 0x0, 0x1, 0xf0,
    0x0, 0x3, 0xe0, 0x0, 0x7, 0xc0, 0x0, 0xf,
    0x80, 0x8, 0x1f, 0x2, 0x1c, 0x3e, 0x1c, 0x7e,
    0x38, 0xfc, 0xff, 0x77, 0xf9, 0xff, 0xff, 0xf3,
    0xff, 0xff, 0xf3, 0xff, 0xff, 0x80, 0x7f, 0xf8,
    0x0, 0x3f, 0x80, 0x0, 0xff, 0x80, 0x1, 0xff,
    0x0, 0x7, 0xdf, 0x0, 0x1f, 0xbf, 0x0, 0x3e,
    0x3e, 0x0, 0xfc, 0x7e, 0x3, 0xf0, 0x7e, 0x3,
    0xe0, 0xf8, 0x3, 0x80, 0xe0, 0x2, 0x0, 0x80,

    /* U+002B "+" */
    0x0, 0x7, 0xe0, 0x0, 0x0, 0x7, 0xe0, 0x0,
    0x0, 0x7, 0xe0, 0x0, 0x0, 0x7, 0xe0, 0x0,
    0x0, 0x7, 0xe0, 0x0, 0x0, 0x7, 0xe0, 0x0,
    0x0, 0x7, 0xe0, 0x0, 0x0, 0x7, 0xe0, 0x0,
    0x0, 0x7, 0xe0, 0x0, 0x0, 0x7, 0xe0, 0x0,
    0x0, 0x7, 0xe0, 0x0, 0x0, 0x7, 0xe0, 0x0,
    0x0, 0x7, 0xe0, 0x0, 0x0, 0x7, 0xe0, 0x0,
    0x0, 0x7, 0xe0, 0x0, 0x0, 0x7, 0xe0, 0x0,
    0xff, 0xff, 0xff, 0xff, 0xff, 0xff, 0xff, 0xff,
    0xff, 0xff, 0xff, 0xff, 0xff, 0xff, 0xff, 0xff,
    0xff, 0xff, 0xff, 0xff, 0xff, 0xff, 0xff, 0xff,
    0xff, 0xff, 0xff, 0xff, 0x0, 0x7, 0xe0, 0x0,
    0x0, 0x7, 0xe0, 0x0, 0x0, 0x7, 0xe0, 0x0,
    0x0, 0x7, 0xe0, 0x0, 0x0, 0x7, 0xe0, 0x0,
    0x0, 0x7, 0xe0, 0x0, 0x0, 0x7, 0xe0, 0x0,
    0x0, 0x7, 0xe0, 0x0, 0x0, 0x7, 0xe0, 0x0,
    0x0, 0x7, 0xe0, 0x0, 0x0, 0x7, 0xe0, 0x0,
    0x0, 0x7, 0xe0, 0x0, 0x0, 0x7, 0xe0, 0x0,
    0x0, 0x7, 0xe0, 0x0, 0x0, 0x7, 0xe0, 0x0,
    0x0, 0x7, 0xe0, 0x0,

    /* U+002C "," */
    0xff, 0xff, 0xff, 0xff, 0xff, 0xff, 0xff, 0x1e,
    0x3c, 0x78, 0xf1, 0xe3, 0x8f, 0x3e, 0xf9, 0xe1,
    0x82, 0x0,

    /* U+002D "-" */
    0xff, 0xff, 0xff, 0xff, 0xff, 0xff, 0xff, 0xff,
    0xff, 0xff, 0xff, 0xff, 0xff, 0xff, 0xff, 0xfc,

    /* U+002E "." */
    0xff, 0xff, 0xff, 0xff, 0xff, 0xff, 0xff,

    /* U+002F "/" */
    0x0, 0x3, 0xe0, 0x0, 0x7c, 0x0, 0xf, 0x0,
    0x3, 0xe0, 0x0, 0x7c, 0x0, 0xf, 0x80, 0x1,
    0xf0, 0x0, 0x7c, 0x0, 0xf, 0x80, 0x1, 0xf0,
    0x0, 0x3e, 0x0, 0x7, 0x80, 0x1, 0xf0, 0x0,
    0x3e, 0x0, 0x7, 0xc0, 0x0, 0xf0, 0x0, 0x3e,
    0x0, 0x7, 0xc0, 0x0, 0xf8, 0x0, 0x1f, 0x0,
    0x3, 0xc0, 0x0, 0xf8, 0x0, 0x1f, 0x0, 0x3,
    0xe0, 0x0, 0x78, 0x0, 0x1f, 0x0, 0x3, 0xe0,
    0x0, 0x7c, 0x0, 0xf, 0x0, 0x3, 0xe0, 0x0,
    0x7c, 0x0, 0xf, 0x80, 0x1, 0xf0, 0x0, 0x3c,
    0x0, 0xf, 0x80, 0x1, 0xf0, 0x0, 0x3e, 0x0,
    0x7, 0x80, 0x1, 0xf0, 0x0, 0x3e, 0x0, 0x7,
    0xc0, 0x0, 0xf8, 0x0, 0x3e, 0x0, 0x7, 0xc0,
    0x0, 0xf8, 0x0, 0x1f, 0x0, 0x3, 0xc0, 0x0,
    0xf8, 0x0, 0x1f, 0x0, 0x3, 0xe0, 0x0, 0x78,
    0x0, 0x1f, 0x0, 0x3, 0xe0, 0x0, 0x7c, 0x0,
    0xf, 0x80, 0x3, 0xe0, 0x0, 0x7c, 0x0, 0xf,
    0x80, 0x1, 0xf0, 0x0, 0x3c, 0x0, 0xf, 0x80,
    0x1, 0xf0, 0x0, 0x0,

    /* U+0030 "0" */
    0x0, 0xf, 0xf0, 0x0, 0x0, 0x3f, 0xfc, 0x0,
    0x0, 0xff, 0xff, 0x0, 0x1, 0xff, 0xff, 0x80,
    0x3, 0xff, 0xff, 0xc0, 0x7, 0xff, 0xff, 0xe0,
    0x7, 0xf8, 0x3f, 0xe0, 0xf, 0xf0, 0xf, 0xf0,
    0xf, 0xe0, 0x7, 0xf0, 0x1f, 0xc0, 0x3, 0xf8,
    0x1f, 0x80, 0x1, 0xf8, 0x3f, 0x80, 0x1, 0xfc,
    0x3f, 0x0, 0x0, 0xfc, 0x3f, 0x0, 0x0, 0xfc,
    0x3e, 0x0, 0x0, 0x7c, 0x7e, 0x0, 0x0, 0x7e,
    0x7e, 0x0, 0x0, 0x7e, 0x7e, 0x0, 0x0, 0x7e,
    0x7e, 0x0, 0x0, 0x7e, 0x7e, 0x0, 0x0, 0x7e,
    0x7c, 0x0, 0x0, 0x3e, 0xfc, 0x0, 0x0, 0x3f,
    0xfc, 0x0, 0x0, 0x3f, 0xfc, 0x0, 0x0, 0x3f,
    0xfc, 0x0, 0x0, 0x3f, 0xfc, 0x0, 0x0, 0x3f,
    0xfc, 0x0, 0x0, 0x3f, 0xfc, 0x0, 0x0, 0x3f,
    0xfc, 0x0, 0x0, 0x3f, 0xfc, 0x0, 0x0, 0x3f,
    0xfc, 0x0, 0x0, 0x3f, 0xfc, 0x0, 0x0, 0x3f,
    0xfc, 0x0, 0x0, 0x3f, 0xfc, 0x0, 0x0, 0x3f,
    0xfc, 0x0, 0x0, 0x3f, 0xfc, 0x0, 0x0, 0x3f,
    0xfc, 0x0, 0x0, 0x3f, 0xfc, 0x0, 0x0, 0x3f,
    0xfc, 0x0, 0x0, 0x3f, 0xfc, 0x0, 0x0, 0x3f,
    0xfc, 0x0, 0x0, 0x3e, 0x7e, 0x0, 0x0, 0x7e,
    0x7e, 0x0, 0x0, 0x7e, 0x7e, 0x0, 0x0, 0x7e,
    0x7e, 0x0, 0x0, 0x7e, 0x7e, 0x0, 0x0, 0x7e,
    0x7e, 0x0, 0x0, 0xfc, 0x3f, 0x0, 0x0, 0xfc,
    0x3f, 0x0, 0x0, 0xfc, 0x3f, 0x80, 0x1, 0xfc,
    0x1f, 0x80, 0x1, 0xf8, 0x1f, 0xc0, 0x3, 0xf8,
    0xf, 0xe0, 0x7, 0xf0, 0xf, 0xf0, 0xf, 0xf0,
    0x7, 0xfc, 0x1f, 0xe0, 0x7, 0xff, 0xff, 0xe0,
    0x3, 0xff, 0xff, 0xc0, 0x1, 0xff, 0xff, 0x80,
    0x0, 0xff, 0xff, 0x0, 0x0, 0x3f, 0xfc, 0x0,
    0x0, 0xf, 0xf0, 0x0,

    /* U+0031 "1" */
    0x0, 0x3, 0xc0, 0x1, 0xf0, 0x0, 0x7c, 0x0,
    0x3f, 0x0, 0xf, 0xc0, 0x7, 0xf0, 0x3, 0xfc,
    0x1, 0xff, 0x0, 0xff, 0xc0, 0x7f, 0xf0, 0x3f,
    0xfc, 0x1f, 0xff, 0x1f, 0xff, 0xcf, 0xff, 0xff,
    0xfe, 0xff, 0xff, 0x3f, 0xff, 0xf, 0xff, 0x83,
    0xff, 0xc0, 0xff, 0xc0, 0x3f, 0xc0, 0xf, 0xe0,
    0x3, 0xf0, 0x0, 0xfc, 0x0, 0x3f, 0x0, 0xf,
    0xc0, 0x3, 0xf0, 0x0, 0xfc, 0x0, 0x3f, 0x0,
    0xf, 0xc0, 0x3, 0xf0, 0x0, 0xfc, 0x0, 0x3f,
    0x0, 0xf, 0xc0, 0x3, 0xf0, 0x0, 0xfc, 0x0,
    0x3f, 0x0, 0xf, 0xc0, 0x3, 0xf0, 0x0, 0xfc,
    0x0, 0x3f, 0x0, 0xf, 0xc0, 0x3, 0xf0, 0x0,
    0xfc, 0x0, 0x3f, 0x0, 0xf, 0xc0, 0x3, 0xf0,
    0x0, 0xfc, 0x0, 0x3f, 0x0, 0xf, 0xc0, 0x3,
    0xf0, 0x0, 0xfc, 0x0, 0x3f, 0x0, 0xf, 0xc0,
    0x3, 0xf0, 0x0, 0xfc, 0x0, 0x3f, 0x0, 0xf,
    0xc0, 0x3, 0xf0, 0x0, 0xfc,

    /* U+0032 "2" */
    0x0, 0x7, 0xf8, 0x0, 0x0, 0x3f, 0xff, 0x0,
    0x0, 0xff, 0xff, 0xc0, 0x1, 0xff, 0xff, 0xe0,
    0x3, 0xff, 0xff, 0xf0, 0x7, 0xff, 0xff, 0xf8,
    0xf, 0xfc, 0xf, 0xf8, 0xf, 0xf0, 0x3, 0xfc,
    0x1f, 0xe0, 0x1, 0xfc, 0x1f, 0xc0, 0x0, 0xfe,
    0x3f, 0x80, 0x0, 0x7e, 0x3f, 0x80, 0x0, 0x7e,
    0x3f, 0x0, 0x0, 0x7f, 0x3f, 0x0, 0x0, 0x3f,
    0x7f, 0x0, 0x0, 0x3f, 0x7e, 0x0, 0x0, 0x3f,
    0x7e, 0x0, 0x0, 0x3f, 0x1e, 0x0, 0x0, 0x3f,
    0x0, 0x0, 0x0, 0x3f, 0x0, 0x0, 0x0, 0x3f,
    0x0, 0x0, 0x0, 0x7f, 0x0, 0x0, 0x0, 0x7e,
    0x0, 0x0, 0x0, 0x7e, 0x0, 0x0, 0x0, 0xfe,
    0x0, 0x0, 0x0, 0xfc, 0x0, 0x0, 0x1, 0xfc,
    0x0, 0x0, 0x3, 0xfc, 0x0, 0x0, 0x3, 0xf8,
    0x0, 0x0, 0x7, 0xf0, 0x0, 0x0, 0xf, 0xf0,
    0x0, 0x0, 0x1f, 0xe0, 0x0, 0x0, 0x3f, 0xc0,
    0x0, 0x0, 0x3f, 0xc0, 0x0, 0x0, 0x7f, 0x80,
    0x0, 0x0, 0xff, 0x0, 0x0, 0x1, 0xfe, 0x0,
    0x0, 0x3, 0xfc, 0x0, 0x0, 0x7, 0xf8, 0x0,
    0x0, 0xf, 0xf0, 0x0, 0x0, 0x1f, 0xf0, 0x0,
    0x0, 0x3f, 0xe0, 0x0, 0x0, 0x7f, 0xc0, 0x0,
    0x0, 0xff, 0x80, 0x0, 0x1, 0xff, 0x0, 0x0,
    0x1, 0xfe, 0x0, 0x0, 0x3, 0xfc, 0x0, 0x0,
    0x7, 0xf8, 0x0, 0x0, 0xf, 0xf0, 0x0, 0x0,
    0xf, 0xe0, 0x0, 0x0, 0x1f, 0xc0, 0x0, 0x0,
    0x1f, 0xc0, 0x0, 0x0, 0x3f, 0x80, 0x0, 0x0,
    0x3f, 0x80, 0x0, 0x0, 0x7f, 0xff, 0xff, 0xff,
    0x7f, 0xff, 0xff, 0xff, 0x7f, 0xff, 0xff, 0xff,
    0xff, 0xff, 0xff, 0xff, 0xff, 0xff, 0xff, 0xff,
    0xff, 0xff, 0xff, 0xff, 0xff, 0xff, 0xff, 0xff,

    /* U+0033 "3" */
    0x0, 0x1f, 0xe0, 0x0, 0x0, 0xff, 0xf0, 0x0,
    0x7, 0xff, 0xf8, 0x0, 0x1f, 0xff, 0xf8, 0x0,
    0x7f, 0xff, 0xf8, 0x1, 0xff, 0xff, 0xf8, 0x7,
    0xfc, 0xf, 0xf8, 0xf, 0xe0, 0x7, 0xf0, 0x3f,
    0x80, 0x7, 0xf0, 0x7f, 0x0, 0xf, 0xe1, 0xfc,
    0x0, 0xf, 0xc3, 0xf0, 0x0, 0x1f, 0xc7, 0xe0,
    0x0, 0x1f, 0x8f, 0xc0, 0x0, 0x3f, 0x3f, 0x80,
    0x0, 0x7e, 0x3e, 0x0, 0x0, 0xfc, 0x0, 0x0,
    0x1, 0xf8, 0x0, 0x0, 0x3, 0xf0, 0x0, 0x0,
    0x7, 0xe0, 0x0, 0x0, 0x1f, 0x80, 0x0, 0x0,
    0x3f, 0x0, 0x0, 0x0, 0xfe, 0x0, 0x0, 0x3,
    0xf8, 0x0, 0x0, 0xf, 0xf0, 0x0, 0x0, 0x7f,
    0xc0, 0x0, 0x1f, 0xff, 0x0, 0x0, 0x3f, 0xfc,
    0x0, 0x0, 0x7f, 0xf0, 0x0, 0x0, 0xff, 0xf8,
    0x0, 0x1, 0xff, 0xf8, 0x0, 0x3, 0xff, 0xf8,
    0x0, 0xc, 0xf, 0xf8, 0x0, 0x0, 0xf, 0xf8,
    0x0, 0x0, 0x7, 0xf0, 0x0, 0x0, 0x7, 0xf0,
    0x0, 0x0, 0xf, 0xe0, 0x0, 0x0, 0xf, 0xc0,
    0x0, 0x0, 0x1f, 0xc0, 0x0, 0x0, 0x3f, 0x80,
    0x0, 0x0, 0x3f, 0x0, 0x0, 0x0, 0x7e, 0x0,
    0x0, 0x0, 0xfc, 0x0, 0x0, 0x1, 0xf8, 0x60,
    0x0, 0x3, 0xff, 0xc0, 0x0, 0x7, 0xff, 0x80,
    0x0, 0xf, 0xff, 0x0, 0x0, 0x1f, 0xff, 0x0,
    0x0, 0x7e, 0xfe, 0x0, 0x0, 0xfc, 0xfc, 0x0,
    0x3, 0xf9, 0xfc, 0x0, 0x7, 0xf3, 0xfc, 0x0,
    0x1f, 0xc3, 0xf8, 0x0, 0x7f, 0x87, 0xf8, 0x1,
    0xfe, 0x7, 0xfc, 0xf, 0xf8, 0x7, 0xff, 0xff,
    0xe0, 0x7, 0xff, 0xff, 0xc0, 0x7, 0xff, 0xff,
    0x0, 0x7, 0xff, 0xf8, 0x0, 0x3, 0xff, 0xe0,
    0x0, 0x1, 0xfe, 0x0, 0x0,

    /* U+0034 "4" */
    0x0, 0x0, 0x3, 0xe0, 0x0, 0x0, 0x1, 0xf8,
    0x0, 0x0, 0x0, 0x7e, 0x0, 0x0, 0x0, 0x3f,
    0x80, 0x0, 0x0, 0xf, 0xe0, 0x0, 0x0, 0x7,
    0xf8, 0x0, 0x0, 0x3, 0xfe, 0x0, 0x0, 0x0,
    0xff, 0x80, 0x0, 0x0, 0x7f, 0xe0, 0x0, 0x0,
    0x1f, 0xf8, 0x0, 0x0, 0xf, 0xfe, 0x0, 0x0,
    0x7, 0xff, 0x80, 0x0, 0x1, 0xf7, 0xe0, 0x0,
    0x0, 0xfd, 0xf8, 0x0, 0x0, 0x3e, 0x7e, 0x0,
    0x0, 0x1f, 0x9f, 0x80, 0x0, 0x7, 0xc7, 0xe0,
    0x0, 0x3, 0xf1, 0xf8, 0x0, 0x1, 0xf8, 0x7e,
    0x0, 0x0, 0x7c, 0x1f, 0x80, 0x0, 0x3f, 0x7,
    0xe0, 0x0, 0xf, 0x81, 0xf8, 0x0, 0x7, 0xe0,
    0x7e, 0x0, 0x3, 0xf0, 0x1f, 0x80, 0x0, 0xfc,
    0x7, 0xe0, 0x0, 0x7e, 0x1, 0xf8, 0x0, 0x1f,
    0x0, 0x7e, 0x0, 0xf, 0xc0, 0x1f, 0x80, 0x3,
    0xe0, 0x7, 0xe0, 0x1, 0xf8, 0x1, 0xf8, 0x0,
    0xfc, 0x0, 0x7e, 0x0, 0x3f, 0x0, 0x1f, 0x80,
    0x1f, 0x80, 0x7, 0xe0, 0x7, 0xc0, 0x1, 0xf8,
    0x3, 0xf0, 0x0, 0x7e, 0x1, 0xf8, 0x0, 0x1f,
    0x80, 0x7e, 0x0, 0x7, 0xe0, 0x3f, 0x0, 0x1,
    0xf8, 0xf, 0xff, 0xff, 0xff, 0xff, 0xff, 0xff,
    0xff, 0xff, 0xff, 0xff, 0xff, 0xff, 0xff, 0xff,
    0xff, 0xff, 0xff, 0xff, 0xff, 0xff, 0xff, 0xff,
    0xff, 0xff, 0xff, 0x0, 0x0, 0x7, 0xe0, 0x0,
    0x0, 0x1, 0xf8, 0x0, 0x0, 0x0, 0x7e, 0x0,
    0x0, 0x0, 0x1f, 0x80, 0x0, 0x0, 0x7, 0xe0,
    0x0, 0x0, 0x1, 0xf8, 0x0, 0x0, 0x0, 0x7e,
    0x0, 0x0, 0x0, 0x1f, 0x80, 0x0, 0x0, 0x7,
    0xe0, 0x0, 0x0, 0x1, 0xf8, 0x0, 0x0, 0x0,
    0x7e, 0x0, 0x0, 0x0, 0x1f, 0x80, 0x0, 0x0,
    0x7, 0xe0, 0x0, 0x0, 0x1, 0xf8, 0x0, 0x0,
    0x0, 0x7e, 0x0,

    /* U+0035 "5" */
    0x3, 0xff, 0xff, 0xfc, 0x3, 0xff, 0xff, 0xfc,
    0x7, 0xff, 0xff, 0xfc, 0x7, 0xff, 0xff, 0xfc,
    0x7, 0xff, 0xff, 0xfc, 0x7, 0xff, 0xff, 0xfc,
    0x7, 0xff, 0xff, 0xfc, 0x7, 0xe0, 0x0, 0x0,
    0x7, 0xc0, 0x0, 0x0, 0xf, 0xc0, 0x0, 0x0,
    0xf, 0xc0, 0x0, 0x0, 0xf, 0xc0, 0x0, 0x0,
    0xf, 0xc0, 0x0, 0x0, 0xf, 0xc0, 0x0, 0x0,
    0xf, 0x80, 0x0, 0x0, 0x1f, 0x80, 0x0, 0x0,
    0x1f, 0x80, 0x0, 0x0, 0x1f, 0x80, 0x0, 0x0,
    0x1f, 0x80, 0x0, 0x0, 0x1f, 0x80, 0x0, 0x0,
    0x1f, 0x7, 0xf8, 0x0, 0x1f, 0x1f, 0xfe, 0x0,
    0x3f, 0x7f, 0xff, 0x80, 0x3f, 0xff, 0xff, 0xc0,
    0x3f, 0xff, 0xff, 0xe0, 0x3f, 0xff, 0xff, 0xf0,
    0x3f, 0xf8, 0x1f, 0xf8, 0x3f, 0xe0, 0x7, 0xf8,
    0x7f, 0x80, 0x3, 0xfc, 0x7f, 0x0, 0x1, 0xfc,
    0x7e, 0x0, 0x0, 0xfe, 0x6, 0x0, 0x0, 0xfe,
    0x0, 0x0, 0x0, 0x7e, 0x0, 0x0, 0x0, 0x7e,
    0x0, 0x0, 0x0, 0x7f, 0x0, 0x0, 0x0, 0x3f,
    0x0, 0x0, 0x0, 0x3f, 0x0, 0x0, 0x0, 0x3f,
    0x0, 0x0, 0x0, 0x3f, 0x0, 0x0, 0x0, 0x3f,
    0x0, 0x0, 0x0, 0x3f, 0x0, 0x0, 0x0, 0x3f,
    0x0, 0x0, 0x0, 0x3f, 0xfc, 0x0, 0x0, 0x3f,
    0xfe, 0x0, 0x0, 0x7f, 0xfe, 0x0, 0x0, 0x7e,
    0xfe, 0x0, 0x0, 0x7e, 0x7e, 0x0, 0x0, 0xfe,
    0x7f, 0x0, 0x0, 0xfc, 0x7f, 0x0, 0x1, 0xfc,
    0x3f, 0x80, 0x1, 0xfc, 0x3f, 0xc0, 0x3, 0xf8,
    0x1f, 0xe0, 0xf, 0xf0, 0x1f, 0xf8, 0x3f, 0xf0,
    0xf, 0xff, 0xff, 0xe0, 0x7, 0xff, 0xff, 0xc0,
    0x3, 0xff, 0xff, 0x80, 0x1, 0xff, 0xff, 0x0,
    0x0, 0x7f, 0xfc, 0x0, 0x0, 0x1f, 0xe0, 0x0,

    /* U+0036 "6" */
    0x0, 0x3, 0xf8, 0x0, 0x0, 0x1f, 0xff, 0x0,
    0x0, 0x7f, 0xff, 0x80, 0x0, 0xff, 0xff, 0xc0,
    0x1, 0xff, 0xff, 0xe0, 0x3, 0xff, 0xff, 0xf0,
    0x7, 0xfc, 0xf, 0xf8, 0x7, 0xf8, 0x7, 0xf8,
    0xf, 0xe0, 0x3, 0xfc, 0xf, 0xe0, 0x1, 0xfc,
    0x1f, 0xc0, 0x0, 0xfc, 0x1f, 0x80, 0x0, 0xfe,
    0x3f, 0x80, 0x0, 0x7e, 0x3f, 0x0, 0x0, 0x7e,
    0x3f, 0x0, 0x0, 0x7e, 0x3f, 0x0, 0x0, 0x7c,
    0x7e, 0x0, 0x0, 0x0, 0x7e, 0x0, 0x0, 0x0,
    0x7e, 0x0, 0x0, 0x0, 0x7e, 0x0, 0x0, 0x0,
    0x7e, 0x0, 0x0, 0x0, 0x7c, 0x0, 0x0, 0x0,
    0xfc, 0x3, 0xf8, 0x0, 0xfc, 0xf, 0xfe, 0x0,
    0xfc, 0x3f, 0xff, 0x80, 0xfc, 0x7f, 0xff, 0xc0,
    0xfc, 0xff, 0xff, 0xe0, 0xfd, 0xff, 0xff, 0xf0,
    0xfd, 0xfc, 0x1f, 0xf8, 0xff, 0xf0, 0x7, 0xf8,
    0xff, 0xe0, 0x3, 0xfc, 0xff, 0xc0, 0x1, 0xfc,
    0xff, 0x80, 0x0, 0xfe, 0xff, 0x0, 0x0, 0xfe,
    0xff, 0x0, 0x0, 0x7e, 0xff, 0x0, 0x0, 0x7e,
    0xfe, 0x0, 0x0, 0x3f, 0xfe, 0x0, 0x0, 0x3f,
    0xfe, 0x0, 0x0, 0x3f, 0xfe, 0x0, 0x0, 0x3f,
    0xfe, 0x0, 0x0, 0x3f, 0x7e, 0x0, 0x0, 0x3f,
    0x7e, 0x0, 0x0, 0x3f, 0x7e, 0x0, 0x0, 0x3f,
    0x7e, 0x0, 0x0, 0x3f, 0x7e, 0x0, 0x0, 0x3f,
    0x7f, 0x0, 0x0, 0x7e, 0x3f, 0x0, 0x0, 0x7e,
    0x3f, 0x0, 0x0, 0x7e, 0x3f, 0x80, 0x0, 0xfe,
    0x1f, 0xc0, 0x0, 0xfc, 0x1f, 0xc0, 0x1, 0xfc,
    0xf, 0xe0, 0x3, 0xf8, 0xf, 0xf0, 0x7, 0xf8,
    0x7, 0xfc, 0x1f, 0xf0, 0x3, 0xff, 0xff, 0xf0,
    0x1, 0xff, 0xff, 0xe0, 0x0, 0xff, 0xff, 0xc0,
    0x0, 0x7f, 0xff, 0x80, 0x0, 0x3f, 0xfe, 0x0,
    0x0, 0x7, 0xf8, 0x0,

    /* U+0037 "7" */
    0xff, 0xff, 0xff, 0xff, 0xff, 0xff, 0xff, 0xff,
    0xff, 0xff, 0xff, 0xff, 0xff, 0xff, 0xff, 0xff,
    0xff, 0xff, 0xff, 0xff, 0xff, 0xff, 0xff, 0xff,
    0xff, 0xff, 0xff, 0xfe, 0x0, 0x0, 0x0, 0xfe,
    0x0, 0x0, 0x1, 0xfc, 0x0, 0x0, 0x3, 0xf8,
    0x0, 0x0, 0x3, 0xf0, 0x0, 0x0, 0x7, 0xf0,
    0x0, 0x0, 0xf, 0xe0, 0x0, 0x0, 0xf, 0xc0,
    0x0, 0x0, 0x1f, 0xc0, 0x0, 0x0, 0x1f, 0x80,
    0x0, 0x0, 0x3f, 0x80, 0x0, 0x0, 0x3f, 0x0,
    0x0, 0x0, 0x7f, 0x0, 0x0, 0x0, 0x7e, 0x0,
    0x0, 0x0, 0xfe, 0x0, 0x0, 0x0, 0xfc, 0x0,
    0x0, 0x1, 0xfc, 0x0, 0x0, 0x1, 0xf8, 0x0,
    0x0, 0x3, 0xf8, 0x0, 0x0, 0x3, 0xf0, 0x0,
    0x0, 0x3, 0xf0, 0x0, 0x0, 0x7, 0xe0, 0x0,
    0x0, 0x7, 0xe0, 0x0, 0x0, 0x7, 0xe0, 0x0,
    0x0, 0xf, 0xc0, 0x0, 0x0, 0xf, 0xc0, 0x0,
    0x0, 0xf, 0xc0, 0x0, 0x0, 0x1f, 0x80, 0x0,
    0x0, 0x1f, 0x80, 0x0, 0x0, 0x1f, 0x80, 0x0,
    0x0, 0x3f, 0x0, 0x0, 0x0, 0x3f, 0x0, 0x0,
    0x0, 0x3f, 0x0, 0x0, 0x0, 0x3e, 0x0, 0x0,
    0x0, 0x7e, 0x0, 0x0, 0x0, 0x7e, 0x0, 0x0,
    0x0, 0x7e, 0x0, 0x0, 0x0, 0x7e, 0x0, 0x0,
    0x0, 0x7c, 0x0, 0x0, 0x0, 0xfc, 0x0, 0x0,
    0x0, 0xfc, 0x0, 0x0, 0x0, 0xfc, 0x0, 0x0,
    0x0, 0xfc, 0x0, 0x0, 0x0, 0xfc, 0x0, 0x0,
    0x0, 0xf8, 0x0, 0x0, 0x1, 0xf8, 0x0, 0x0,
    0x1, 0xf8, 0x0, 0x0, 0x1, 0xf8, 0x0, 0x0,
    0x1, 0xf8, 0x0, 0x0, 0x1, 0xf8, 0x0, 0x0,
    0x1, 0xf8, 0x0, 0x0, 0x1, 0xf8, 0x0, 0x0,
    0x1, 0xf8, 0x0, 0x0,

    /* U+0038 "8" */
    0x0, 0xf, 0xf0, 0x0, 0x0, 0x3f, 0xfc, 0x0,
    0x0, 0xff, 0xff, 0x0, 0x1, 0xff, 0xff, 0x80,
    0x3, 0xff, 0xff, 0xc0, 0x7, 0xff, 0xff, 0xe0,
    0xf, 0xf8, 0x1f, 0xf0, 0xf, 0xf0, 0xf, 0xf0,
    0x1f, 0xc0, 0x7, 0xf8, 0x1f, 0xc0, 0x3, 0xf8,
    0x1f, 0x80, 0x1, 0xf8, 0x3f, 0x80, 0x1, 0xfc,
    0x3f, 0x0, 0x0, 0xfc, 0x3f, 0x0, 0x0, 0xfc,
    0x3f, 0x0, 0x0, 0xfc, 0x3f, 0x0, 0x0, 0xfc,
    0x3f, 0x0, 0x0, 0xfc, 0x3f, 0x0, 0x0, 0xfc,
    0x3f, 0x0, 0x0, 0xfc, 0x3f, 0x80, 0x1, 0xfc,
    0x1f, 0x80, 0x1, 0xf8, 0x1f, 0xc0, 0x3, 0xf8,
    0xf, 0xc0, 0x3, 0xf8, 0xf, 0xf0, 0xf, 0xf0,
    0x7, 0xf8, 0x1f, 0xe0, 0x3, 0xff, 0xff, 0xc0,
    0x1, 0xff, 0xff, 0x80, 0x0, 0x7f, 0xff, 0x0,
    0x1, 0xff, 0xff, 0x0, 0x3, 0xff, 0xff, 0xc0,
    0xf, 0xff, 0xff, 0xe0, 0x1f, 0xf8, 0x1f, 0xf0,
    0x1f, 0xe0, 0x7, 0xf8, 0x3f, 0xc0, 0x3, 0xfc,
    0x3f, 0x80, 0x1, 0xfc, 0x7f, 0x0, 0x0, 0xfe,
    0x7e, 0x0, 0x0, 0xfe, 0x7e, 0x0, 0x0, 0x7e,
    0xfe, 0x0, 0x0, 0x7f, 0xfc, 0x0, 0x0, 0x3f,
    0xfc, 0x0, 0x0, 0x3f, 0xfc, 0x0, 0x0, 0x3f,
    0xfc, 0x0, 0x0, 0x3f, 0xfc, 0x0, 0x0, 0x3f,
    0xfc, 0x0, 0x0, 0x3f, 0xfc, 0x0, 0x0, 0x3f,
    0xfc, 0x0, 0x0, 0x3f, 0xfe, 0x0, 0x0, 0x7f,
    0x7e, 0x0, 0x0, 0x7e, 0x7e, 0x0, 0x0, 0x7e,
    0x7f, 0x0, 0x0, 0xfe, 0x3f, 0x80, 0x1, 0xfc,
    0x3f, 0xc0, 0x3, 0xfc, 0x1f, 0xe0, 0x7, 0xf8,
    0x1f, 0xf8, 0x1f, 0xf8, 0xf, 0xff, 0xff, 0xf0,
    0x7, 0xff, 0xff, 0xe0, 0x3, 0xff, 0xff, 0xc0,
    0x1, 0xff, 0xff, 0x80, 0x0, 0x7f, 0xfe, 0x0,
    0x0, 0xf, 0xf0, 0x0,

    /* U+0039 "9" */
    0x0, 0xf, 0xe0, 0x0, 0x0, 0x7f, 0xf8, 0x0,
    0x0, 0xff, 0xfe, 0x0, 0x3, 0xff, 0xff, 0x0,
    0x7, 0xff, 0xff, 0x80, 0xf, 0xff, 0xff, 0xc0,
    0xf, 0xf8, 0x3f, 0xe0, 0x1f, 0xf0, 0xf, 0xf0,
    0x3f, 0xc0, 0x7, 0xf0, 0x3f, 0x80, 0x3, 0xf8,
    0x3f, 0x80, 0x1, 0xf8, 0x7f, 0x0, 0x0, 0xfc,
    0x7f, 0x0, 0x0, 0xfc, 0x7e, 0x0, 0x0, 0xfc,
    0xfe, 0x0, 0x0, 0x7e, 0xfe, 0x0, 0x0, 0x7e,
    0xfc, 0x0, 0x0, 0x7e, 0xfc, 0x0, 0x0, 0x7e,
    0xfc, 0x0, 0x0, 0x7e, 0xfc, 0x0, 0x0, 0x7e,
    0xfc, 0x0, 0x0, 0x7f, 0xfc, 0x0, 0x0, 0x7f,
    0xfc, 0x0, 0x0, 0x7f, 0xfc, 0x0, 0x0, 0x7f,
    0xfc, 0x0, 0x0, 0x7f, 0xfe, 0x0, 0x0, 0x7f,
    0x7e, 0x0, 0x0, 0xff, 0x7e, 0x0, 0x0, 0xff,
    0x7f, 0x0, 0x0, 0xff, 0x7f, 0x0, 0x1, 0xff,
    0x3f, 0x80, 0x3, 0xff, 0x3f, 0xc0, 0x3, 0xff,
    0x1f, 0xe0, 0xf, 0xff, 0x1f, 0xf8, 0x1f, 0xbf,
    0xf, 0xff, 0xff, 0xbf, 0x7, 0xff, 0xff, 0x3f,
    0x3, 0xff, 0xfe, 0x3f, 0x1, 0xff, 0xfc, 0x3f,
    0x0, 0x7f, 0xf0, 0x3f, 0x0, 0x1f, 0xc0, 0x3e,
    0x0, 0x0, 0x0, 0x3e, 0x0, 0x0, 0x0, 0x7e,
    0x0, 0x0, 0x0, 0x7e, 0x0, 0x0, 0x0, 0x7e,
    0x0, 0x0, 0x0, 0x7e, 0x0, 0x0, 0x0, 0xfc,
    0x7e, 0x0, 0x0, 0xfc, 0x7e, 0x0, 0x0, 0xfc,
    0x7e, 0x0, 0x1, 0xfc, 0x7e, 0x0, 0x1, 0xf8,
    0x7f, 0x0, 0x3, 0xf8, 0x3f, 0x0, 0x3, 0xf0,
    0x3f, 0x80, 0x7, 0xf0, 0x1f, 0xc0, 0x1f, 0xe0,
    0x1f, 0xf0, 0x7f, 0xc0, 0xf, 0xff, 0xff, 0xc0,
    0x7, 0xff, 0xff, 0x80, 0x7, 0xff, 0xff, 0x0,
    0x1, 0xff, 0xfe, 0x0, 0x0, 0xff, 0xf8, 0x0,
    0x0, 0x1f, 0xc0, 0x0,

    /* U+003A ":" */
    0xff, 0xff, 0xff, 0xff, 0xff, 0xff, 0xff, 0x0,
    0x0, 0x0, 0x0, 0x0, 0x0, 0x0, 0x0, 0x0,
    0x0, 0x0, 0x0, 0x0, 0x0, 0x0, 0x0, 0x0,
    0x0, 0x0, 0x0, 0x0, 0x0, 0x0, 0x7, 0xff,
    0xff, 0xff, 0xff, 0xff, 0xff, 0xf8,

    /* U+003B ";" */
    0xff, 0xff, 0xff, 0xff, 0xff, 0xff, 0xff, 0x0,
    0x0, 0x0, 0x0, 0x0, 0x0, 0x0, 0x0, 0x0,
    0x0, 0x0, 0x0, 0x0, 0x0, 0x0, 0x0, 0x0,
    0x0, 0x0, 0x0, 0x0, 0x0, 0x0, 0x7, 0xff,
    0xff, 0xff, 0xff, 0xff, 0xff, 0xf8, 0xf1, 0xe3,
    0xc7, 0x8f, 0x1c, 0x79, 0xf7, 0xcf, 0xc, 0x10,
    0x0,

    /* U+003C "<" */
    0x0, 0x0, 0x0, 0x1, 0x80, 0x0, 0x0, 0x3,
    0xc0, 0x0, 0x0, 0x7, 0xe0, 0x0, 0x0, 0xf,
    0xf0, 0x0, 0x0, 0x1f, 0xf8, 0x0, 0x0, 0x3f,
    0xfc, 0x0, 0x0, 0x7f, 0xfe, 0x0, 0x0, 0xff,
    0xfc, 0x0, 0x1, 0xff, 0xf8, 0x0, 0x3, 0xff,
    0xf0, 0x0, 0x7, 0xff, 0xe0, 0x0, 0xf, 0xff,
    0xc0, 0x0, 0x1f, 0xff, 0x80, 0x0, 0x3f, 0xff,
    0x0, 0x0, 0x7f, 0xfe, 0x0, 0x0, 0xff, 0xfc,
    0x0, 0x0, 0xff, 0xf8, 0x0, 0x0, 0x7f, 0xf0,
    0x0, 0x0, 0x3f, 0xe0, 0x0, 0x0, 0x1f, 0xc0,
    0x0, 0x0, 0xf, 0xf0, 0x0, 0x0, 0x7, 0xfe,
    0x0, 0x0, 0x3, 0xff, 0xc0, 0x0, 0x0, 0xff,
    0xf8, 0x0, 0x0, 0x1f, 0xff, 0x0, 0x0, 0x3,
    0xff, 0xe0, 0x0, 0x0, 0x7f, 0xfc, 0x0, 0x0,
    0xf, 0xff, 0x80, 0x0, 0x1, 0xff, 0xf0, 0x0,
    0x0, 0x7f, 0xfe, 0x0, 0x0, 0xf, 0xff, 0xc0,
    0x0, 0x1, 0xff, 0xf8, 0x0, 0x0, 0x3f, 0xff,
    0x0, 0x0, 0x7, 0xff, 0xc0, 0x0, 0x0, 0xff,
    0xe0, 0x0, 0x0, 0x1f, 0xf0, 0x0, 0x0, 0x3,
    0xf8, 0x0, 0x0, 0x0, 0x7c, 0x0, 0x0, 0x0,
    0xe, 0x0, 0x0, 0x0, 0x1,

    /* U+003D "=" */
    0xff, 0xff, 0xff, 0xff, 0xff, 0xff, 0xff, 0xff,
    0xff, 0xff, 0xff, 0xff, 0xff, 0xff, 0xff, 0xff,
    0xff, 0xff, 0xff, 0xff, 0xff, 0xff, 0xff, 0xff,
    0xff, 0xff, 0xff, 0xff, 0x0, 0x0, 0x0, 0x0,
    0x0, 0x0, 0x0, 0x0, 0x0, 0x0, 0x0, 0x0,
    0x0, 0x0, 0x0, 0x0, 0x0, 0x0, 0x0, 0x0,
    0x0, 0x0, 0x0, 0x0, 0x0, 0x0, 0x0, 0x0,
    0x0, 0x0, 0x0, 0x0, 0x0, 0x0, 0x0, 0x0,
    0x0, 0x0, 0x0, 0x0, 0x0, 0x0, 0x0, 0x0,
    0xff, 0xff, 0xff, 0xff, 0xff, 0xff, 0xff, 0xff,
    0xff, 0xff, 0xff, 0xff, 0xff, 0xff, 0xff, 0xff,
    0xff, 0xff, 0xff, 0xff, 0xff, 0xff, 0xff, 0xff,
    0xff, 0xff, 0xff, 0xff,

    /* U+003E ">" */
    0xc0, 0x0, 0x0, 0x0, 0x78, 0x0, 0x0, 0x0,
    0x3f, 0x0, 0x0, 0x0, 0x1f, 0xe0, 0x0, 0x0,
    0xf, 0xfc, 0x0, 0x0, 0x7, 0xff, 0x80, 0x0,
    0x3, 0xff, 0xf0, 0x0, 0x0, 0xff, 0xfc, 0x0,
    0x0, 0x1f, 0xff, 0x80, 0x0, 0x3, 0xff, 0xf0,
    0x0, 0x0, 0x7f, 0xfe, 0x0, 0x0, 0xf, 0xff,
    0xc0, 0x0, 0x1, 0xff, 0xf8, 0x0, 0x0, 0x3f,
    0xff, 0x0, 0x0, 0x7, 0xff, 0xe0, 0x0, 0x0,
    0xff, 0xfc, 0x0, 0x0, 0x1f, 0xff, 0x80, 0x0,
    0x3, 0xff, 0xc0, 0x0, 0x0, 0x7f, 0xe0, 0x0,
    0x0, 0xf, 0xf0, 0x0, 0x0, 0xf, 0xf8, 0x0,
    0x0, 0x1f, 0xfc, 0x0, 0x0, 0x3f, 0xfe, 0x0,
    0x0, 0x7f, 0xfe, 0x0, 0x0, 0xff, 0xfc, 0x0,
    0x1, 0xff, 0xf8, 0x0, 0x3, 0xff, 0xf0, 0x0,
    0x7, 0xff, 0xe0, 0x0, 0xf, 0xff, 0xc0, 0x0,
    0x1f, 0xff, 0x80, 0x0, 0x3f, 0xff, 0x0, 0x0,
    0x7f, 0xfe, 0x0, 0x0, 0xff, 0xfc, 0x0, 0x0,
    0x7f, 0xf8, 0x0, 0x0, 0x3f, 0xf0, 0x0, 0x0,
    0x1f, 0xe0, 0x0, 0x0, 0xf, 0xc0, 0x0, 0x0,
    0x7, 0xc0, 0x0, 0x0, 0x3, 0x80, 0x0, 0x0,
    0x1, 0x0, 0x0, 0x0, 0x0,

    /* U+003F "?" */
    0x0, 0x1f, 0xf0, 0x0, 0x0, 0xff, 0xf8, 0x0,
    0x7, 0xff, 0xfc, 0x0, 0x1f, 0xff, 0xfc, 0x0,
    0x7f, 0xff, 0xfe, 0x1, 0xff, 0xff, 0xfc, 0x7,
    0xfe, 0xf, 0xfc, 0x1f, 0xf0, 0x7, 0xfc, 0x3f,
    0xc0, 0x3, 0xf8, 0xff, 0x0, 0x7, 0xf9, 0xfc,
    0x0, 0x7, 0xf3, 0xf8, 0x0, 0x7, 0xef, 0xe0,
    0x0, 0xf, 0xff, 0xc0, 0x0, 0xf, 0xff, 0x0,
    0x0, 0x1f, 0xfe, 0x0, 0x0, 0x3f, 0xfc, 0x0,
    0x0, 0x7e, 0x78, 0x0, 0x0, 0xfc, 0x0, 0x0,
    0x1, 0xf8, 0x0, 0x0, 0x3, 0xf0, 0x0, 0x0,
    0xf, 0xc0, 0x0, 0x0, 0x1f, 0x80, 0x0, 0x0,
    0x7f, 0x0, 0x0, 0x1, 0xfc, 0x0, 0x0, 0x3,
    0xf8, 0x0, 0x0, 0xf, 0xe0, 0x0, 0x0, 0x3f,
    0xc0, 0x0, 0x0, 0xff, 0x0, 0x0, 0x3, 0xfc,
    0x0, 0x0, 0xf, 0xf0, 0x0, 0x0, 0x3f, 0xc0,
    0x0, 0x0, 0xff, 0x0, 0x0, 0x1, 0xfe, 0x0,
    0x0, 0x7, 0xf8, 0x0, 0x0, 0xf, 0xe0, 0x0,
    0x0, 0x3f, 0x80, 0x0, 0x0, 0x7e, 0x0, 0x0,
    0x0, 0xfc, 0x0, 0x0, 0x3, 0xf8, 0x0, 0x0,
    0x7, 0xe0, 0x0, 0x0, 0xf, 0xc0, 0x0, 0x0,
    0x1f, 0x80, 0x0, 0x0, 0x3f, 0x0, 0x0, 0x0,
    0x7e, 0x0, 0x0, 0x0, 0xfc, 0x0, 0x0, 0x1,
    0xf8, 0x0, 0x0, 0x0, 0x0, 0x0, 0x0, 0x0,
    0x0, 0x0, 0x0, 0x0, 0x0, 0x0, 0x0, 0x0,
    0x0, 0x0, 0x0, 0x0, 0x0, 0x0, 0x0, 0x0,
    0x0, 0x0, 0x0, 0xfe, 0x0, 0x0, 0x1, 0xfc,
    0x0, 0x0, 0x3, 0xf8, 0x0, 0x0, 0x7, 0xf0,
    0x0, 0x0, 0xf, 0xe0, 0x0, 0x0, 0x1f, 0xc0,
    0x0, 0x0, 0x3f, 0x80, 0x0, 0x0, 0x7f, 0x0,
    0x0,

    /* U+0040 "@" */
    0x0, 0x0, 0x0, 0x1f, 0xfc, 0x0, 0x0, 0x0,
    0x0, 0x0, 0x3, 0xff, 0xff, 0x80, 0x0, 0x0,
    0x0, 0x0, 0x3f, 0xff, 0xff, 0xc0, 0x0, 0x0,
    0x0, 0x1, 0xff, 0xff, 0xff, 0xe0, 0x0, 0x0,
    0x0, 0x7, 0xff, 0xff, 0xff, 0xf0, 0x0, 0x0,
    0x0, 0x3f, 0xff, 0xff, 0xff, 0xf0, 0x0, 0x0,
    0x0, 0xff, 0xf8, 0x1, 0xff, 0xf8, 0x0, 0x0,
    0x3, 0xff, 0x80, 0x0, 0x3f, 0xf8, 0x0, 0x0,
    0xf, 0xfc, 0x0, 0x0, 0x1f, 0xf8, 0x0, 0x0,
    0x3f, 0xe0, 0x0, 0x0, 0xf, 0xf0, 0x0, 0x0,
    0xff, 0x0, 0x0, 0x0, 0xf, 0xf0, 0x0, 0x3,
    0xfc, 0x0, 0x0, 0x0, 0xf, 0xf0, 0x0, 0xf,
    0xf0, 0x0, 0x0, 0x0, 0xf, 0xf0, 0x0, 0x1f,
    0xc0, 0x0, 0x0, 0x0, 0xf, 0xe0, 0x0, 0x7f,
    0x0, 0x0, 0x0, 0x0, 0xf, 0xe0, 0x0, 0xfc,
    0x0, 0x0, 0x0, 0x0, 0xf, 0xc0, 0x3, 0xf0,
    0x0, 0x0, 0x0, 0x0, 0xf, 0xc0, 0x7, 0xe0,
    0x0, 0x3f, 0x0, 0x0, 0x1f, 0x80, 0x1f, 0x80,
    0x1, 0xff, 0x81, 0xf8, 0x1f, 0x80, 0x3e, 0x0,
    0xf, 0xff, 0x83, 0xf0, 0x3f, 0x0, 0xfc, 0x0,
    0x3f, 0xff, 0x8f, 0xc0, 0x3e, 0x1, 0xf0, 0x0,
    0xff, 0xff, 0x9f, 0x80, 0x7e, 0x7, 0xe0, 0x3,
    0xff, 0xff, 0xbf, 0x0, 0xfc, 0xf, 0x80, 0xf,
    0xf8, 0x3f, 0x7e, 0x0, 0xf8, 0x1f, 0x0, 0x1f,
    0xc0, 0x3f, 0xfc, 0x1, 0xf0, 0x7e, 0x0, 0x7f,
    0x0, 0x3f, 0xf8, 0x3, 0xe0, 0xf8, 0x1, 0xfc,
    0x0, 0x3f, 0xe0, 0x3, 0xe1, 0xf0, 0x3, 0xf0,
    0x0, 0x3f, 0xc0, 0x7, 0xc7, 0xe0, 0xf, 0xe0,
    0x0, 0x7f, 0x80, 0xf, 0x8f, 0x80, 0x1f, 0x80,
    0x0, 0xff, 0x0, 0x1f, 0x1f, 0x0, 0x7f, 0x0,
    0x0, 0xfe, 0x0, 0x3e, 0x3e, 0x0, 0xfc, 0x0,
    0x1, 0xfc, 0x0, 0x7c, 0x7c, 0x1, 0xf8, 0x0,
    0x3, 0xf0, 0x0, 0xf8, 0xf8, 0x7, 0xf0, 0x0,
    0x7, 0xe0, 0x1, 0xf3, 0xe0, 0xf, 0xc0, 0x0,
    0xf, 0xc0, 0x3, 0xe7, 0xc0, 0x1f, 0x80, 0x0,
    0x1f, 0x80, 0x7, 0xcf, 0x80, 0x3f, 0x0, 0x0,
    0x3f, 0x0, 0xf, 0x9f, 0x0, 0xfe, 0x0, 0x0,
    0x7e, 0x0, 0x1f, 0x3e, 0x1, 0xf8, 0x0, 0x0,
    0xf8, 0x0, 0x7c, 0x7c, 0x3, 0xf0, 0x0, 0x1,
    0xf0, 0x0, 0xf8, 0xf8, 0x7, 0xe0, 0x0, 0x7,
    0xe0, 0x1, 0xf1, 0xf0, 0xf, 0xc0, 0x0, 0xf,
    0xc0, 0x3, 0xe3, 0xe0, 0x1f, 0x80, 0x0, 0x1f,
    0x80, 0xf, 0x87, 0xc0, 0x3f, 0x0, 0x0, 0x3e,
    0x0, 0x1f, 0xf, 0x80, 0x7e, 0x0, 0x0, 0xfc,
    0x0, 0x7e, 0x1f, 0x0, 0xfc, 0x0, 0x1, 0xf8,
    0x0, 0xf8, 0x3e, 0x1, 0xf8, 0x0, 0x7, 0xf0,
    0x3, 0xf0, 0x7c, 0x3, 0xf0, 0x0, 0xf, 0xe0,
    0x7, 0xe0, 0xfc, 0x3, 0xf0, 0x0, 0x3f, 0xc0,
    0x1f, 0x80, 0xf8, 0x7, 0xe0, 0x0, 0x7f, 0x0,
    0x3f, 0x1, 0xf0, 0xf, 0xc0, 0x1, 0xfe, 0x0,
    0xfc, 0x3, 0xe0, 0x1f, 0xc0, 0x7, 0xfc, 0x3,
    0xf0, 0x7, 0xc0, 0x1f, 0xc0, 0x1f, 0xf8, 0xf,
    0xe0, 0xf, 0xc0, 0x3f, 0xc0, 0x7f, 0xf0, 0x3f,
    0x80, 0xf, 0x80, 0x3f, 0xc3, 0xff, 0xf1, 0xfe,
    0x0, 0x1f, 0x0, 0x7f, 0xff, 0xef, 0xff, 0xf8,
    0x0, 0x3f, 0x0, 0x7f, 0xff, 0x9f, 0xff, 0xe0,
    0x0, 0x3e, 0x0, 0x7f, 0xfe, 0x1f, 0xff, 0x80,
    0x0, 0x7e, 0x0, 0x7f, 0xf8, 0x3f, 0xfe, 0x0,
    0x0, 0xfc, 0x0, 0x7f, 0xe0, 0x3f, 0xf0, 0x0,
    0x0, 0xfc, 0x0, 0x3f, 0x0, 0x3f, 0x80, 0xf,
    0xc1, 0xfc, 0x0, 0x0, 0x0, 0x0, 0x0, 0x1f,
    0x81, 0xf8, 0x0, 0x0, 0x0, 0x0, 0x0, 0x7e,
    0x3, 0xf8, 0x0, 0x0, 0x0, 0x0, 0x1, 0xfc,
    0x3, 0xf8, 0x0, 0x0, 0x0, 0x0, 0x7, 0xf0,
    0x3, 0xf8, 0x0, 0x0, 0x0, 0x0, 0x1f, 0xc0,
    0x7, 0xf8, 0x0, 0x0, 0x0, 0x0, 0x7f, 0x80,
    0x7, 0xfc, 0x0, 0x0, 0x0, 0x1, 0xfe, 0x0,
    0x7, 0xfe, 0x0, 0x0, 0x0, 0xf, 0xf8, 0x0,
    0x7, 0xff, 0x0, 0x0, 0x0, 0x7f, 0xe0, 0x0,
    0x7, 0xff, 0x80, 0x0, 0x7, 0xff, 0x80, 0x0,
    0x7, 0xff, 0xf0, 0x0, 0xff, 0xfe, 0x0, 0x0,
    0x3, 0xff, 0xff, 0xff, 0xff, 0xf0, 0x0, 0x0,
    0x3, 0xff, 0xff, 0xff, 0xff, 0xc0, 0x0, 0x0,
    0x1, 0xff, 0xff, 0xff, 0xfe, 0x0, 0x0, 0x0,
    0x0, 0xff, 0xff, 0xff, 0xf0, 0x0, 0x0, 0x0,
    0x0, 0x3f, 0xff, 0xff, 0x0, 0x0, 0x0, 0x0,
    0x0, 0x3, 0xff, 0xe0, 0x0, 0x0, 0x0,

    /* U+0041 "A" */
    0x0, 0x0, 0x1f, 0xc0, 0x0, 0x0, 0x0, 0x0,
    0xff, 0x0, 0x0, 0x0, 0x0, 0x3, 0xfc, 0x0,
    0x0, 0x0, 0x0, 0xf, 0xf8, 0x0, 0x0, 0x0,
    0x0, 0x7f, 0xe0, 0x0, 0x0, 0x0, 0x1, 0xff,
    0x80, 0x0, 0x0, 0x0, 0x7, 0xff, 0x0, 0x0,
    0x0, 0x0, 0x3f, 0xfc, 0x0, 0x0, 0x0, 0x0,
    0xff, 0xf0, 0x0, 0x0, 0x0, 0x3, 0xe7, 0xe0,
    0x0, 0x0, 0x0, 0x1f, 0x9f, 0x80, 0x0, 0x0,
    0x0, 0x7e, 0x7e, 0x0, 0x0, 0x0, 0x1, 0xf9,
    0xfc, 0x0, 0x0, 0x0, 0x7, 0xe3, 0xf0, 0x0,
    0x0, 0x0, 0x3f, 0xf, 0xc0, 0x0, 0x0, 0x0,
    0xfc, 0x3f, 0x80, 0x0, 0x0, 0x3, 0xf0, 0x7e,
    0x0, 0x0, 0x0, 0x1f, 0xc1, 0xf8, 0x0, 0x0,
    0x0, 0x7e, 0x7, 0xf0, 0x0, 0x0, 0x1, 0xf8,
    0x1f, 0xc0, 0x0, 0x0, 0xf, 0xe0, 0x3f, 0x0,
    0x0, 0x0, 0x3f, 0x0, 0xfe, 0x0, 0x0, 0x0,
    0xfc, 0x3, 0xf8, 0x0, 0x0, 0x7, 0xf0, 0x7,
    0xe0, 0x0, 0x0, 0x1f, 0x80, 0x1f, 0xc0, 0x0,
    0x0, 0x7e, 0x0, 0x7f, 0x0, 0x0, 0x3, 0xf8,
    0x0, 0xfc, 0x0, 0x0, 0xf, 0xe0, 0x3, 0xf8,
    0x0, 0x0, 0x3f, 0x0, 0xf, 0xe0, 0x0, 0x0,
    0xfc, 0x0, 0x1f, 0x80, 0x0, 0x7, 0xf0, 0x0,
    0x7f, 0x0, 0x0, 0x1f, 0x80, 0x1, 0xfc, 0x0,
    0x0, 0x7e, 0x0, 0x7, 0xf0, 0x0, 0x3, 0xf8,
    0x0, 0xf, 0xe0, 0x0, 0xf, 0xc0, 0x0, 0x3f,
    0x80, 0x0, 0x3f, 0x0, 0x0, 0xfe, 0x0, 0x1,
    0xff, 0xff, 0xff, 0xfc, 0x0, 0x7, 0xff, 0xff,
    0xff, 0xf0, 0x0, 0x1f, 0xff, 0xff, 0xff, 0xc0,
    0x0, 0xff, 0xff, 0xff, 0xff, 0x80, 0x3, 0xff,
    0xff, 0xff, 0xfe, 0x0, 0xf, 0xff, 0xff, 0xff,
    0xf8, 0x0, 0x7f, 0x0, 0x0, 0x7, 0xf0, 0x1,
    0xfc, 0x0, 0x0, 0x1f, 0xc0, 0x7, 0xe0, 0x0,
    0x0, 0x7f, 0x0, 0x3f, 0x80, 0x0, 0x0, 0xfe,
    0x0, 0xfe, 0x0, 0x0, 0x3, 0xf8, 0x3, 0xf0,
    0x0, 0x0, 0xf, 0xe0, 0xf, 0xc0, 0x0, 0x0,
    0x1f, 0xc0, 0x7f, 0x0, 0x0, 0x0, 0x7f, 0x1,
    0xfc, 0x0, 0x0, 0x1, 0xfc, 0x7, 0xe0, 0x0,
    0x0, 0x7, 0xf8, 0x3f, 0x80, 0x0, 0x0, 0xf,
    0xe0, 0xfe, 0x0, 0x0, 0x0, 0x3f, 0x83, 0xf0,
    0x0, 0x0, 0x0, 0xff, 0x1f, 0xc0, 0x0, 0x0,
    0x1, 0xfc, 0x7f, 0x0, 0x0, 0x0, 0x7, 0xf1,
    0xfc, 0x0, 0x0, 0x0, 0x1f, 0xef, 0xe0, 0x0,
    0x0, 0x0, 0x3f, 0xbf, 0x80, 0x0, 0x0, 0x0,
    0xfe,

    /* U+0042 "B" */
    0xff, 0xff, 0xfe, 0x0, 0xf, 0xff, 0xff, 0xfc,
    0x0, 0xff, 0xff, 0xff, 0xf0, 0xf, 0xff, 0xff,
    0xff, 0x80, 0xff, 0xff, 0xff, 0xfc, 0xf, 0xff,
    0xff, 0xff, 0xe0, 0xff, 0xff, 0xff, 0xff, 0xf,
    0xc0, 0x0, 0x3f, 0xf0, 0xfc, 0x0, 0x0, 0x7f,
    0x8f, 0xc0, 0x0, 0x3, 0xf8, 0xfc, 0x0, 0x0,
    0x1f, 0x8f, 0xc0, 0x0, 0x1, 0xfc, 0xfc, 0x0,
    0x0, 0x1f, 0xcf, 0xc0, 0x0, 0x0, 0xfc, 0xfc,
    0x0, 0x0, 0xf, 0xcf, 0xc0, 0x0, 0x0, 0xfc,
    0xfc, 0x0, 0x0, 0xf, 0xcf, 0xc0, 0x0, 0x0,
    0xfc, 0xfc, 0x0, 0x0, 0xf, 0xcf, 0xc0, 0x0,
    0x0, 0xf8, 0xfc, 0x0, 0x0, 0x1f, 0x8f, 0xc0,
    0x0, 0x1, 0xf8, 0xfc, 0x0, 0x0, 0x3f, 0xf,
    0xc0, 0x0, 0x7, 0xf0, 0xfc, 0x0, 0x3, 0xfe,
    0xf, 0xff, 0xff, 0xff, 0xc0, 0xff, 0xff, 0xff,
    0xf8, 0xf, 0xff, 0xff, 0xff, 0x0, 0xff, 0xff,
    0xff, 0xf8, 0xf, 0xff, 0xff, 0xff, 0xe0, 0xff,
    0xff, 0xff, 0xff, 0xf, 0xff, 0xff, 0xff, 0xf8,
    0xfc, 0x0, 0x1, 0xff, 0x8f, 0xc0, 0x0, 0x3,
    0xfc, 0xfc, 0x0, 0x0, 0x1f, 0xef, 0xc0, 0x0,
    0x0, 0xfe, 0xfc, 0x0, 0x0, 0x7, 0xef, 0xc0,
    0x0, 0x0, 0x7f, 0xfc, 0x0, 0x0, 0x3, 0xff,
    0xc0, 0x0, 0x0, 0x3f, 0xfc, 0x0, 0x0, 0x3,
    0xff, 0xc0, 0x0, 0x0, 0x3f, 0xfc, 0x0, 0x0,
    0x3, 0xff, 0xc0, 0x0, 0x0, 0x3f, 0xfc, 0x0,
    0x0, 0x3, 0xff, 0xc0, 0x0, 0x0, 0x3f, 0xfc,
    0x0, 0x0, 0x7, 0xff, 0xc0, 0x0, 0x0, 0x7e,
    0xfc, 0x0, 0x0, 0xf, 0xef, 0xc0, 0x0, 0x1,
    0xfe, 0xfc, 0x0, 0x0, 0x3f, 0xcf, 0xc0, 0x0,
    0xf, 0xfc, 0xff, 0xff, 0xff, 0xff, 0x8f, 0xff,
    0xff, 0xff, 0xf0, 0xff, 0xff, 0xff, 0xff, 0xf,
    0xff, 0xff, 0xff, 0xe0, 0xff, 0xff, 0xff, 0xf8,
    0xf, 0xff, 0xff, 0xfe, 0x0, 0xff, 0xff, 0xff,
    0x0, 0x0,

    /* U+0043 "C" */
    0x0, 0x0, 0x3f, 0xe0, 0x0, 0x0, 0x0, 0x7f,
    0xff, 0x0, 0x0, 0x0, 0x7f, 0xff, 0xf0, 0x0,
    0x0, 0x7f, 0xff, 0xff, 0x0, 0x0, 0x3f, 0xff,
    0xff, 0xe0, 0x0, 0x1f, 0xff, 0xff, 0xfc, 0x0,
    0xf, 0xfc, 0x3, 0xff, 0x80, 0x7, 0xfc, 0x0,
    0x3f, 0xf0, 0x3, 0xfc, 0x0, 0x3, 0xfc, 0x1,
    0xfe, 0x0, 0x0, 0x7f, 0x80, 0x7f, 0x0, 0x0,
    0xf, 0xe0, 0x3f, 0x80, 0x0, 0x3, 0xfc, 0xf,
    0xc0, 0x0, 0x0, 0x7f, 0x7, 0xf0, 0x0, 0x0,
    0x1f, 0xe1, 0xf8, 0x0, 0x0, 0x3, 0xf8, 0xfe,
    0x0, 0x0, 0x0, 0xfe, 0x3f, 0x0, 0x0, 0x0,
    0x1f, 0x8f, 0xc0, 0x0, 0x0, 0x7, 0x87, 0xe0,
    0x0, 0x0, 0x1, 0x1, 0xf8, 0x0, 0x0, 0x0,
    0x0, 0x7e, 0x0, 0x0, 0x0, 0x0, 0x1f, 0x80,
    0x0, 0x0, 0x0, 0xf, 0xe0, 0x0, 0x0, 0x0,
    0x3, 0xf0, 0x0, 0x0, 0x0, 0x0, 0xfc, 0x0,
    0x0, 0x0, 0x0, 0x3f, 0x0, 0x0, 0x0, 0x0,
    0xf, 0xc0, 0x0, 0x0, 0x0, 0x3, 0xf0, 0x0,
    0x0, 0x0, 0x0, 0xfc, 0x0, 0x0, 0x0, 0x0,
    0x3f, 0x0, 0x0, 0x0, 0x0, 0xf, 0xc0, 0x0,
    0x0, 0x0, 0x3, 0xf0, 0x0, 0x0, 0x0, 0x0,
    0xfc, 0x0, 0x0, 0x0, 0x0, 0x3f, 0x0, 0x0,
    0x0, 0x0, 0xf, 0xc0, 0x0, 0x0, 0x0, 0x3,
    0xf0, 0x0, 0x0, 0x0, 0x0, 0xfc, 0x0, 0x0,
    0x0, 0x0, 0x3f, 0x0, 0x0, 0x0, 0x0, 0x7,
    0xe0, 0x0, 0x0, 0x0, 0x1, 0xf8, 0x0, 0x0,
    0x0, 0x0, 0x7e, 0x0, 0x0, 0x0, 0xe, 0x1f,
    0x80, 0x0, 0x0, 0x3, 0xf7, 0xe0, 0x0, 0x0,
    0x1, 0xfc, 0xfc, 0x0, 0x0, 0x0, 0x7f, 0x3f,
    0x0, 0x0, 0x0, 0x1f, 0xcf, 0xe0, 0x0, 0x0,
    0xf, 0xe1, 0xf8, 0x0, 0x0, 0x3, 0xf8, 0x7e,
    0x0, 0x0, 0x1, 0xfe, 0xf, 0xc0, 0x0, 0x0,
    0x7f, 0x3, 0xf8, 0x0, 0x0, 0x3f, 0xc0, 0x7f,
    0x0, 0x0, 0x1f, 0xe0, 0x1f, 0xe0, 0x0, 0xf,
    0xf8, 0x3, 0xfc, 0x0, 0x7, 0xfc, 0x0, 0xff,
    0x80, 0x3, 0xfe, 0x0, 0x1f, 0xfc, 0x7, 0xff,
    0x80, 0x3, 0xff, 0xff, 0xff, 0xc0, 0x0, 0x7f,
    0xff, 0xff, 0xe0, 0x0, 0xf, 0xff, 0xff, 0xe0,
    0x0, 0x0, 0xff, 0xff, 0xf0, 0x0, 0x0, 0xf,
    0xff, 0xf0, 0x0, 0x0, 0x0, 0x7f, 0xe0, 0x0,
    0x0,

    /* U+0044 "D" */
    0xff, 0xff, 0xff, 0x0, 0x0, 0xff, 0xff, 0xff,
    0xe0, 0x0, 0xff, 0xff, 0xff, 0xf8, 0x0, 0xff,
    0xff, 0xff, 0xfe, 0x0, 0xff, 0xff, 0xff, 0xff,
    0x0, 0xff, 0xff, 0xff, 0xff, 0x80, 0xff, 0xff,
    0xff, 0xff, 0xc0, 0xfc, 0x0, 0x1, 0xff, 0xc0,
    0xfc, 0x0, 0x0, 0x3f, 0xe0, 0xfc, 0x0, 0x0,
    0x1f, 0xf0, 0xfc, 0x0, 0x0, 0xf, 0xf0, 0xfc,
    0x0, 0x0, 0x7, 0xf8, 0xfc, 0x0, 0x0, 0x3,
    0xf8, 0xfc, 0x0, 0x0, 0x1, 0xfc, 0xfc, 0x0,
    0x0, 0x1, 0xfc, 0xfc, 0x0, 0x0, 0x0, 0xfc,
    0xfc, 0x0, 0x0, 0x0, 0xfc, 0xfc, 0x0, 0x0,
    0x0, 0xfe, 0xfc, 0x0, 0x0, 0x0, 0x7e, 0xfc,
    0x0, 0x0, 0x0, 0x7e, 0xfc, 0x0, 0x0, 0x0,
    0x7e, 0xfc, 0x0, 0x0, 0x0, 0x7f, 0xfc, 0x0,
    0x0, 0x0, 0x3f, 0xfc, 0x0, 0x0, 0x0, 0x3f,
    0xfc, 0x0, 0x0, 0x0, 0x3f, 0xfc, 0x0, 0x0,
    0x0, 0x3f, 0xfc, 0x0, 0x0, 0x0, 0x3f, 0xfc,
    0x0, 0x0, 0x0, 0x3f, 0xfc, 0x0, 0x0, 0x0,
    0x3f, 0xfc, 0x0, 0x0, 0x0, 0x3f, 0xfc, 0x0,
    0x0, 0x0, 0x3f, 0xfc, 0x0, 0x0, 0x0, 0x3f,
    0xfc, 0x0, 0x0, 0x0, 0x3f, 0xfc, 0x0, 0x0,
    0x0, 0x3f, 0xfc, 0x0, 0x0, 0x0, 0x3f, 0xfc,
    0x0, 0x0, 0x0, 0x3f, 0xfc, 0x0, 0x0, 0x0,
    0x7f, 0xfc, 0x0, 0x0, 0x0, 0x7e, 0xfc, 0x0,
    0x0, 0x0, 0x7e, 0xfc, 0x0, 0x0, 0x0, 0x7e,
    0xfc, 0x0, 0x0, 0x0, 0x7e, 0xfc, 0x0, 0x0,
    0x0, 0xfe, 0xfc, 0x0, 0x0, 0x0, 0xfc, 0xfc,
    0x0, 0x0, 0x0, 0xfc, 0xfc, 0x0, 0x0, 0x1,
    0xfc, 0xfc, 0x0, 0x0, 0x1, 0xf8, 0xfc, 0x0,
    0x0, 0x3, 0xf8, 0xfc, 0x0, 0x0, 0x7, 0xf0,
    0xfc, 0x0, 0x0, 0xf, 0xf0, 0xfc, 0x0, 0x0,
    0x1f, 0xe0, 0xfc, 0x0, 0x0, 0x7f, 0xe0, 0xfc,
    0x0, 0x3, 0xff, 0xc0, 0xff, 0xff, 0xff, 0xff,
    0x80, 0xff, 0xff, 0xff, 0xff, 0x80, 0xff, 0xff,
    0xff, 0xff, 0x0, 0xff, 0xff, 0xff, 0xfc, 0x0,
    0xff, 0xff, 0xff, 0xf8, 0x0, 0xff, 0xff, 0xff,
    0xe0, 0x0, 0xff, 0xff, 0xfe, 0x0, 0x0,

    /* U+0045 "E" */
    0xff, 0xff, 0xff, 0xff, 0xe7, 0xff, 0xff, 0xff,
    0xff, 0x3f, 0xff, 0xff, 0xff, 0xf9, 0xff, 0xff,
    0xff, 0xff, 0xcf, 0xff, 0xff, 0xff, 0xfe, 0x7f,
    0xff, 0xff, 0xff, 0xf3, 0xff, 0xff, 0xff, 0xff,
    0x9f, 0x80, 0x0, 0x0, 0x0, 0xfc, 0x0, 0x0,
    0x0, 0x7, 0xe0, 0x0, 0x0, 0x0, 0x3f, 0x0,
    0x0, 0x0, 0x1, 0xf8, 0x0, 0x0, 0x0, 0xf,
    0xc0, 0x0, 0x0, 0x0, 0x7e, 0x0, 0x0, 0x0,
    0x3, 0xf0, 0x0, 0x0, 0x0, 0x1f, 0x80, 0x0,
    0x0, 0x0, 0xfc, 0x0, 0x0, 0x0, 0x7, 0xe0,
    0x0, 0x0, 0x0, 0x3f, 0x0, 0x0, 0x0, 0x1,
    0xf8, 0x0, 0x0, 0x0, 0xf, 0xc0, 0x0, 0x0,
    0x0, 0x7e, 0x0, 0x0, 0x0, 0x3, 0xf0, 0x0,
    0x0, 0x0, 0x1f, 0x80, 0x0, 0x0, 0x0, 0xfc,
    0x0, 0x0, 0x0, 0x7, 0xff, 0xff, 0xff, 0xfe,
    0x3f, 0xff, 0xff, 0xff, 0xf1, 0xff, 0xff, 0xff,
    0xff, 0x8f, 0xff, 0xff, 0xff, 0xfc, 0x7f, 0xff,
    0xff, 0xff, 0xe3, 0xff, 0xff, 0xff, 0xff, 0x1f,
    0xff, 0xff, 0xff, 0xf8, 0xfc, 0x0, 0x0, 0x0,
    0x7, 0xe0, 0x0, 0x0, 0x0, 0x3f, 0x0, 0x0,
    0x0, 0x1, 0xf8, 0x0, 0x0, 0x0, 0xf, 0xc0,
    0x0, 0x0, 0x0, 0x7e, 0x0, 0x0, 0x0, 0x3,
    0xf0, 0x0, 0x0, 0x0, 0x1f, 0x80, 0x0, 0x0,
    0x0, 0xfc, 0x0, 0x0, 0x0, 0x7, 0xe0, 0x0,
    0x0, 0x0, 0x3f, 0x0, 0x0, 0x0, 0x1, 0xf8,
    0x0, 0x0, 0x0, 0xf, 0xc0, 0x0, 0x0, 0x0,
    0x7e, 0x0, 0x0, 0x0, 0x3, 0xf0, 0x0, 0x0,
    0x0, 0x1f, 0x80, 0x0, 0x0, 0x0, 0xfc, 0x0,
    0x0, 0x0, 0x7, 0xe0, 0x0, 0x0, 0x0, 0x3f,
    0x0, 0x0, 0x0, 0x1, 0xf8, 0x0, 0x0, 0x0,
    0xf, 0xff, 0xff, 0xff, 0xff, 0xff, 0xff, 0xff,
    0xff, 0xff, 0xff, 0xff, 0xff, 0xff, 0xff, 0xff,
    0xff, 0xff, 0xff, 0xff, 0xff, 0xff, 0xff, 0xff,
    0xff, 0xff, 0xff, 0xff, 0xff, 0xff, 0xff, 0xff,
    0xfe,

    /* U+0046 "F" */
    0xff, 0xff, 0xff, 0xff, 0xff, 0xff, 0xff, 0xff,
    0xff, 0xff, 0xff, 0xff, 0xff, 0xff, 0xff, 0xff,
    0xff, 0xff, 0xff, 0xff, 0xff, 0xff, 0xff, 0xff,
    0xff, 0xff, 0xff, 0xff, 0xff, 0xf8, 0x0, 0x0,
    0x0, 0xfc, 0x0, 0x0, 0x0, 0x7e, 0x0, 0x0,
    0x0, 0x3f, 0x0, 0x0, 0x0, 0x1f, 0x80, 0x0,
    0x0, 0xf, 0xc0, 0x0, 0x0, 0x7, 0xe0, 0x0,
    0x0, 0x3, 0xf0, 0x0, 0x0, 0x1, 0xf8, 0x0,
    0x0, 0x0, 0xfc, 0x0, 0x0, 0x0, 0x7e, 0x0,
    0x0, 0x0, 0x3f, 0x0, 0x0, 0x0, 0x1f, 0x80,
    0x0, 0x0, 0xf, 0xc0, 0x0, 0x0, 0x7, 0xe0,
    0x0, 0x0, 0x3, 0xf0, 0x0, 0x0, 0x1, 0xf8,
    0x0, 0x0, 0x0, 0xfc, 0x0, 0x0, 0x0, 0x7f,
    0xff, 0xff, 0xfe, 0x3f, 0xff, 0xff, 0xff, 0x1f,
    0xff, 0xff, 0xff, 0x8f, 0xff, 0xff, 0xff, 0xc7,
    0xff, 0xff, 0xff, 0xe3, 0xff, 0xff, 0xff, 0xf1,
    0xff, 0xff, 0xff, 0xf8, 0xfc, 0x0, 0x0, 0x0,
    0x7e, 0x0, 0x0, 0x0, 0x3f, 0x0, 0x0, 0x0,
    0x1f, 0x80, 0x0, 0x0, 0xf, 0xc0, 0x0, 0x0,
    0x7, 0xe0, 0x0, 0x0, 0x3, 0xf0, 0x0, 0x0,
    0x1, 0xf8, 0x0, 0x0, 0x0, 0xfc, 0x0, 0x0,
    0x0, 0x7e, 0x0, 0x0, 0x0, 0x3f, 0x0, 0x0,
    0x0, 0x1f, 0x80, 0x0, 0x0, 0xf, 0xc0, 0x0,
    0x0, 0x7, 0xe0, 0x0, 0x0, 0x3, 0xf0, 0x0,
    0x0, 0x1, 0xf8, 0x0, 0x0, 0x0, 0xfc, 0x0,
    0x0, 0x0, 0x7e, 0x0, 0x0, 0x0, 0x3f, 0x0,
    0x0, 0x0, 0x1f, 0x80, 0x0, 0x0, 0xf, 0xc0,
    0x0, 0x0, 0x7, 0xe0, 0x0, 0x0, 0x3, 0xf0,
    0x0, 0x0, 0x1, 0xf8, 0x0, 0x0, 0x0, 0xfc,
    0x0, 0x0, 0x0, 0x7e, 0x0, 0x0, 0x0, 0x3f,
    0x0, 0x0, 0x0, 0x0,

    /* U+0047 "G" */
    0x0, 0x0, 0x1f, 0xfc, 0x0, 0x0, 0x0, 0x7,
    0xff, 0xfc, 0x0, 0x0, 0x1, 0xff, 0xff, 0xf8,
    0x0, 0x0, 0x1f, 0xff, 0xff, 0xe0, 0x0, 0x3,
    0xff, 0xff, 0xff, 0xc0, 0x0, 0x3f, 0xff, 0xff,
    0xff, 0x0, 0x3, 0xff, 0xc0, 0x3f, 0xfc, 0x0,
    0x3f, 0xf0, 0x0, 0x3f, 0xe0, 0x3, 0xfe, 0x0,
    0x0, 0x7f, 0x80, 0x1f, 0xe0, 0x0, 0x1, 0xfe,
    0x1, 0xfc, 0x0, 0x0, 0x7, 0xf0, 0xf, 0xc0,
    0x0, 0x0, 0x1f, 0xc0, 0xfe, 0x0, 0x0, 0x0,
    0xfe, 0xf, 0xe0, 0x0, 0x0, 0x3, 0xf0, 0x7e,
    0x0, 0x0, 0x0, 0x1f, 0xc3, 0xf0, 0x0, 0x0,
    0x0, 0x7e, 0x3f, 0x0, 0x0, 0x0, 0x3, 0xf1,
    0xf8, 0x0, 0x0, 0x0, 0x1f, 0xf, 0xc0, 0x0,
    0x0, 0x0, 0x60, 0xfc, 0x0, 0x0, 0x0, 0x0,
    0x7, 0xe0, 0x0, 0x0, 0x0, 0x0, 0x3f, 0x0,
    0x0, 0x0, 0x0, 0x1, 0xf8, 0x0, 0x0, 0x0,
    0x0, 0x1f, 0x80, 0x0, 0x0, 0x0, 0x0, 0xfc,
    0x0, 0x0, 0x0, 0x0, 0x7, 0xe0, 0x0, 0x0,
    0x0, 0x0, 0x3f, 0x0, 0x0, 0x0, 0x0, 0x1,
    0xf8, 0x0, 0x0, 0x0, 0x0, 0xf, 0xc0, 0x0,
    0x0, 0x0, 0x0, 0x7e, 0x0, 0x0, 0x0, 0x0,
    0x3, 0xf0, 0x0, 0x3, 0xff, 0xff, 0xff, 0x80,
    0x0, 0x1f, 0xff, 0xff, 0xfc, 0x0, 0x0, 0xff,
    0xff, 0xff, 0xe0, 0x0, 0x7, 0xff, 0xff, 0xff,
    0x0, 0x0, 0x3f, 0xff, 0xff, 0xf8, 0x0, 0x1,
    0xff, 0xff, 0xff, 0xc0, 0x0, 0xf, 0xff, 0xff,
    0xff, 0x0, 0x0, 0x0, 0x0, 0xfd, 0xf8, 0x0,
    0x0, 0x0, 0x7, 0xef, 0xc0, 0x0, 0x0, 0x0,
    0x3f, 0x7e, 0x0, 0x0, 0x0, 0x1, 0xfb, 0xf8,
    0x0, 0x0, 0x0, 0xf, 0xdf, 0xc0, 0x0, 0x0,
    0x0, 0x7e, 0x7e, 0x0, 0x0, 0x0, 0x3, 0xf3,
    0xf8, 0x0, 0x0, 0x0, 0x1f, 0x8f, 0xc0, 0x0,
    0x0, 0x0, 0xfc, 0x7f, 0x0, 0x0, 0x0, 0x7,
    0xe3, 0xfc, 0x0, 0x0, 0x0, 0x3f, 0xf, 0xf0,
    0x0, 0x0, 0x3, 0xf8, 0x7f, 0xc0, 0x0, 0x0,
    0x3f, 0xc1, 0xff, 0x0, 0x0, 0x3, 0xfe, 0x7,
    0xfc, 0x0, 0x0, 0x7f, 0xf0, 0x1f, 0xf8, 0x0,
    0xf, 0xff, 0x0, 0xff, 0xf8, 0x3, 0xff, 0xf0,
    0x3, 0xff, 0xff, 0xff, 0xff, 0x0, 0xf, 0xff,
    0xff, 0xff, 0xf0, 0x0, 0x1f, 0xff, 0xff, 0xfe,
    0x0, 0x0, 0x7f, 0xff, 0xff, 0xe0, 0x0, 0x0,
    0xff, 0xff, 0xfc, 0x0, 0x0, 0x1, 0xff, 0xff,
    0x0, 0x0, 0x0, 0x0, 0xff, 0xc0, 0x0, 0x0,

    /* U+0048 "H" */
    0xfc, 0x0, 0x0, 0x0, 0xff, 0xf0, 0x0, 0x0,
    0x3, 0xff, 0xc0, 0x0, 0x0, 0xf, 0xff, 0x0,
    0x0, 0x0, 0x3f, 0xfc, 0x0, 0x0, 0x0, 0xff,
    0xf0, 0x0, 0x0, 0x3, 0xff, 0xc0, 0x0, 0x0,
    0xf, 0xff, 0x0, 0x0, 0x0, 0x3f, 0xfc, 0x0,
    0x0, 0x0, 0xff, 0xf0, 0x0, 0x0, 0x3, 0xff,
    0xc0, 0x0, 0x0, 0xf, 0xff, 0x0, 0x0, 0x0,
    0x3f, 0xfc, 0x0, 0x0, 0x0, 0xff, 0xf0, 0x0,
    0x0, 0x3, 0xff, 0xc0, 0x0, 0x0, 0xf, 0xff,
    0x0, 0x0, 0x0, 0x3f, 0xfc, 0x0, 0x0, 0x0,
    0xff, 0xf0, 0x0, 0x0, 0x3, 0xff, 0xc0, 0x0,
    0x0, 0xf, 0xff, 0x0, 0x0, 0x0, 0x3f, 0xfc,
    0x0, 0x0, 0x0, 0xff, 0xf0, 0x0, 0x0, 0x3,
    0xff, 0xc0, 0x0, 0x0, 0xf, 0xff, 0x0, 0x0,
    0x0, 0x3f, 0xff, 0xff, 0xff, 0xff, 0xff, 0xff,
    0xff, 0xff, 0xff, 0xff, 0xff, 0xff, 0xff, 0xff,
    0xff, 0xff, 0xff, 0xff, 0xff, 0xff, 0xff, 0xff,
    0xff, 0xff, 0xff, 0xff, 0xff, 0xff, 0xff, 0xff,
    0xff, 0xff, 0xff, 0xff, 0x0, 0x0, 0x0, 0x3f,
    0xfc, 0x0, 0x0, 0x0, 0xff, 0xf0, 0x0, 0x0,
    0x3, 0xff, 0xc0, 0x0, 0x0, 0xf, 0xff, 0x0,
    0x0, 0x0, 0x3f, 0xfc, 0x0, 0x0, 0x0, 0xff,
    0xf0, 0x0, 0x0, 0x3, 0xff, 0xc0, 0x0, 0x0,
    0xf, 0xff, 0x0, 0x0, 0x0, 0x3f, 0xfc, 0x0,
    0x0, 0x0, 0xff, 0xf0, 0x0, 0x0, 0x3, 0xff,
    0xc0, 0x0, 0x0, 0xf, 0xff, 0x0, 0x0, 0x0,
    0x3f, 0xfc, 0x0, 0x0, 0x0, 0xff, 0xf0, 0x0,
    0x0, 0x3, 0xff, 0xc0, 0x0, 0x0, 0xf, 0xff,
    0x0, 0x0, 0x0, 0x3f, 0xfc, 0x0, 0x0, 0x0,
    0xff, 0xf0, 0x0, 0x0, 0x3, 0xff, 0xc0, 0x0,
    0x0, 0xf, 0xff, 0x0, 0x0, 0x0, 0x3f, 0xfc,
    0x0, 0x0, 0x0, 0xff, 0xf0, 0x0, 0x0, 0x3,
    0xff, 0xc0, 0x0, 0x0, 0xf, 0xff, 0x0, 0x0,
    0x0, 0x3f, 0xfc, 0x0, 0x0, 0x0, 0xff, 0xf0,
    0x0, 0x0, 0x3, 0xff, 0xc0, 0x0, 0x0, 0xf,
    0xc0,

    /* U+0049 "I" */
    0xff, 0xff, 0xff, 0xff, 0xff, 0xff, 0xff, 0xff,
    0xff, 0xff, 0xff, 0xff, 0xff, 0xff, 0xff, 0xff,
    0xff, 0xff, 0xff, 0xff, 0xff, 0xff, 0xff, 0xff,
    0xff, 0xff, 0xff, 0xff, 0xff, 0xff, 0xff, 0xff,
    0xff, 0xff, 0xff, 0xff, 0xff, 0xff, 0xff, 0xff,
    0xff, 0xff, 0xff, 0xff, 0xc0,

    /* U+004A "J" */
    0x0, 0x0, 0x7, 0xe0, 0x0, 0x0, 0xfc, 0x0,
    0x0, 0x1f, 0x80, 0x0, 0x3, 0xf0, 0x0, 0x0,
    0x7e, 0x0, 0x0, 0xf, 0xc0, 0x0, 0x1, 0xf8,
    0x0, 0x0, 0x3f, 0x0, 0x0, 0x7, 0xe0, 0x0,
    0x0, 0xfc, 0x0, 0x0, 0x1f, 0x80, 0x0, 0x3,
    0xf0, 0x0, 0x0, 0x7e, 0x0, 0x0, 0xf, 0xc0,
    0x0, 0x1, 0xf8, 0x0, 0x0, 0x3f, 0x0, 0x0,
    0x7, 0xe0, 0x0, 0x0, 0xfc, 0x0, 0x0, 0x1f,
    0x80, 0x0, 0x3, 0xf0, 0x0, 0x0, 0x7e, 0x0,
    0x0, 0xf, 0xc0, 0x0, 0x1, 0xf8, 0x0, 0x0,
    0x3f, 0x0, 0x0, 0x7, 0xe0, 0x0, 0x0, 0xfc,
    0x0, 0x0, 0x1f, 0x80, 0x0, 0x3, 0xf0, 0x0,
    0x0, 0x7e, 0x0, 0x0, 0xf, 0xc0, 0x0, 0x1,
    0xf8, 0x0, 0x0, 0x3f, 0x0, 0x0, 0x7, 0xe0,
    0x0, 0x0, 0xfc, 0x0, 0x0, 0x1f, 0x80, 0x0,
    0x3, 0xf0, 0x0, 0x0, 0x7e, 0x0, 0x0, 0xf,
    0xc0, 0x0, 0x1, 0xf8, 0x0, 0x0, 0x3f, 0x0,
    0x0, 0x7, 0xe0, 0x0, 0x0, 0xfc, 0x30, 0x0,
    0x1f, 0xfe, 0x0, 0x3, 0xff, 0xc0, 0x0, 0x7f,
    0xf8, 0x0, 0xf, 0xff, 0x0, 0x1, 0xff, 0xe0,
    0x0, 0x3f, 0xfe, 0x0, 0xf, 0xcf, 0xc0, 0x1,
    0xf9, 0xf8, 0x0, 0x3f, 0x3f, 0x80, 0xf, 0xe7,
    0xf8, 0x3, 0xf8, 0x7f, 0xc1, 0xff, 0xf, 0xff,
    0xff, 0xe0, 0xff, 0xff, 0xf8, 0x1f, 0xff, 0xfe,
    0x1, 0xff, 0xff, 0x80, 0x1f, 0xff, 0xe0, 0x0,
    0xff, 0xf8, 0x0, 0x7, 0xf8, 0x0,

    /* U+004B "K" */
    0xfc, 0x0, 0x0, 0x3, 0xfe, 0xfc, 0x0, 0x0,
    0x7, 0xfc, 0xfc, 0x0, 0x0, 0xf, 0xf8, 0xfc,
    0x0, 0x0, 0x1f, 0xf0, 0xfc, 0x0, 0x0, 0x3f,
    0xe0, 0xfc, 0x0, 0x0, 0x3f, 0xc0, 0xfc, 0x0,
    0x0, 0x7f, 0x80, 0xfc, 0x0, 0x0, 0xff, 0x80,
    0xfc, 0x0, 0x1, 0xff, 0x0, 0xfc, 0x0, 0x3,
    0xfe, 0x0, 0xfc, 0x0, 0x3, 0xfc, 0x0, 0xfc,
    0x0, 0x7, 0xf8, 0x0, 0xfc, 0x0, 0xf, 0xf0,
    0x0, 0xfc, 0x0, 0x1f, 0xe0, 0x0, 0xfc, 0x0,
    0x3f, 0xe0, 0x0, 0xfc, 0x0, 0x7f, 0xc0, 0x0,
    0xfc, 0x0, 0x7f, 0x80, 0x0, 0xfc, 0x0, 0xff,
    0x0, 0x0, 0xfc, 0x1, 0xfe, 0x0, 0x0, 0xfc,
    0x3, 0xfc, 0x0, 0x0, 0xfc, 0x7, 0xf8, 0x0,
    0x0, 0xfc, 0xf, 0xf8, 0x0, 0x0, 0xfc, 0xf,
    0xf0, 0x0, 0x0, 0xfc, 0x1f, 0xe0, 0x0, 0x0,
    0xfc, 0x3f, 0xe0, 0x0, 0x0, 0xfc, 0x7f, 0xe0,
    0x0, 0x0, 0xfc, 0xff, 0xf0, 0x0, 0x0, 0xfd,
    0xff, 0xf8, 0x0, 0x0, 0xfd, 0xff, 0xf8, 0x0,
    0x0, 0xff, 0xff, 0xfc, 0x0, 0x0, 0xff, 0xf9,
    0xfe, 0x0, 0x0, 0xff, 0xf1, 0xfe, 0x0, 0x0,
    0xff, 0xe0, 0xff, 0x0, 0x0, 0xff, 0xc0, 0x7f,
    0x0, 0x0, 0xff, 0x80, 0x7f, 0x80, 0x0, 0xff,
    0x80, 0x3f, 0xc0, 0x0, 0xff, 0x0, 0x3f, 0xc0,
    0x0, 0xfe, 0x0, 0x1f, 0xe0, 0x0, 0xfc, 0x0,
    0x1f, 0xe0, 0x0, 0xfc, 0x0, 0xf, 0xf0, 0x0,
    0xfc, 0x0, 0x7, 0xf8, 0x0, 0xfc, 0x0, 0x7,
    0xf8, 0x0, 0xfc, 0x0, 0x3, 0xfc, 0x0, 0xfc,
    0x0, 0x3, 0xfc, 0x0, 0xfc, 0x0, 0x1, 0xfe,
    0x0, 0xfc, 0x0, 0x1, 0xff, 0x0, 0xfc, 0x0,
    0x0, 0xff, 0x0, 0xfc, 0x0, 0x0, 0x7f, 0x80,
    0xfc, 0x0, 0x0, 0x7f, 0x80, 0xfc, 0x0, 0x0,
    0x3f, 0xc0, 0xfc, 0x0, 0x0, 0x3f, 0xe0, 0xfc,
    0x0, 0x0, 0x1f, 0xe0, 0xfc, 0x0, 0x0, 0xf,
    0xf0, 0xfc, 0x0, 0x0, 0xf, 0xf8, 0xfc, 0x0,
    0x0, 0x7, 0xf8, 0xfc, 0x0, 0x0, 0x7, 0xfc,
    0xfc, 0x0, 0x0, 0x3, 0xfc, 0xfc, 0x0, 0x0,
    0x3, 0xfe, 0xfc, 0x0, 0x0, 0x1, 0xff,

    /* U+004C "L" */
    0xfc, 0x0, 0x0, 0x1, 0xf8, 0x0, 0x0, 0x3,
    0xf0, 0x0, 0x0, 0x7, 0xe0, 0x0, 0x0, 0xf,
    0xc0, 0x0, 0x0, 0x1f, 0x80, 0x0, 0x0, 0x3f,
    0x0, 0x0, 0x0, 0x7e, 0x0, 0x0, 0x0, 0xfc,
    0x0, 0x0, 0x1, 0xf8, 0x0, 0x0, 0x3, 0xf0,
    0x0, 0x0, 0x7, 0xe0, 0x0, 0x0, 0xf, 0xc0,
    0x0, 0x0, 0x1f, 0x80, 0x0, 0x0, 0x3f, 0x0,
    0x0, 0x0, 0x7e, 0x0, 0x0, 0x0, 0xfc, 0x0,
    0x0, 0x1, 0xf8, 0x0, 0x0, 0x3, 0xf0, 0x0,
    0x0, 0x7, 0xe0, 0x0, 0x0, 0xf, 0xc0, 0x0,
    0x0, 0x1f, 0x80, 0x0, 0x0, 0x3f, 0x0, 0x0,
    0x0, 0x7e, 0x0, 0x0, 0x0, 0xfc, 0x0, 0x0,
    0x1, 0xf8, 0x0, 0x0, 0x3, 0xf0, 0x0, 0x0,
    0x7, 0xe0, 0x0, 0x0, 0xf, 0xc0, 0x0, 0x0,
    0x1f, 0x80, 0x0, 0x0, 0x3f, 0x0, 0x0, 0x0,
    0x7e, 0x0, 0x0, 0x0, 0xfc, 0x0, 0x0, 0x1,
    0xf8, 0x0, 0x0, 0x3, 0xf0, 0x0, 0x0, 0x7,
    0xe0, 0x0, 0x0, 0xf, 0xc0, 0x0, 0x0, 0x1f,
    0x80, 0x0, 0x0, 0x3f, 0x0, 0x0, 0x0, 0x7e,
    0x0, 0x0, 0x0, 0xfc, 0x0, 0x0, 0x1, 0xf8,
    0x0, 0x0, 0x3, 0xf0, 0x0, 0x0, 0x7, 0xe0,
    0x0, 0x0, 0xf, 0xc0, 0x0, 0x0, 0x1f, 0x80,
    0x0, 0x0, 0x3f, 0x0, 0x0, 0x0, 0x7e, 0x0,
    0x0, 0x0, 0xfc, 0x0, 0x0, 0x1, 0xf8, 0x0,
    0x0, 0x3, 0xf0, 0x0, 0x0, 0x7, 0xe0, 0x0,
    0x0, 0xf, 0xc0, 0x0, 0x0, 0x1f, 0xff, 0xff,
    0xff, 0xff, 0xff, 0xff, 0xff, 0xff, 0xff, 0xff,
    0xff, 0xff, 0xff, 0xff, 0xff, 0xff, 0xff, 0xff,
    0xff, 0xff, 0xff, 0xff, 0xff, 0xff, 0xff, 0xff,
    0xf0,

    /* U+004D "M" */
    0xff, 0xc0, 0x0, 0x0, 0x7, 0xff, 0xff, 0x0,
    0x0, 0x0, 0x1f, 0xff, 0xfc, 0x0, 0x0, 0x0,
    0x7f, 0xff, 0xf0, 0x0, 0x0, 0x1, 0xff, 0xff,
    0xe0, 0x0, 0x0, 0xf, 0xff, 0xff, 0x80, 0x0,
    0x0, 0x3f, 0xff, 0xfe, 0x0, 0x0, 0x0, 0xff,
    0xff, 0xfc, 0x0, 0x0, 0x7, 0xff, 0xff, 0xf0,
    0x0, 0x0, 0x1f, 0xff, 0xff, 0xc0, 0x0, 0x0,
    0x7f, 0xff, 0xff, 0x0, 0x0, 0x1, 0xff, 0xff,
    0x7e, 0x0, 0x0, 0xf, 0xbf, 0xfd, 0xf8, 0x0,
    0x0, 0x3e, 0xff, 0xf7, 0xe0, 0x0, 0x0, 0xfb,
    0xff, 0xcf, 0x80, 0x0, 0x7, 0xef, 0xff, 0x3f,
    0x0, 0x0, 0x1f, 0x3f, 0xfc, 0xfc, 0x0, 0x0,
    0x7c, 0xff, 0xf3, 0xf0, 0x0, 0x1, 0xf3, 0xff,
    0xc7, 0xe0, 0x0, 0xf, 0x8f, 0xff, 0x1f, 0x80,
    0x0, 0x3e, 0x3f, 0xfc, 0x7e, 0x0, 0x0, 0xf8,
    0xff, 0xf0, 0xf8, 0x0, 0x7, 0xe3, 0xff, 0xc3,
    0xf0, 0x0, 0x1f, 0xf, 0xff, 0xf, 0xc0, 0x0,
    0x7c, 0x3f, 0xfc, 0x3f, 0x0, 0x1, 0xf0, 0xff,
    0xf0, 0x7e, 0x0, 0xf, 0x83, 0xff, 0xc1, 0xf8,
    0x0, 0x3e, 0xf, 0xff, 0x7, 0xe0, 0x0, 0xf8,
    0x3f, 0xfc, 0xf, 0x80, 0x7, 0xe0, 0xff, 0xf0,
    0x3f, 0x0, 0x1f, 0x3, 0xff, 0xc0, 0xfc, 0x0,
    0x7c, 0xf, 0xff, 0x3, 0xf0, 0x1, 0xf0, 0x3f,
    0xfc, 0x7, 0xc0, 0xf, 0x80, 0xff, 0xf0, 0x1f,
    0x80, 0x3e, 0x3, 0xff, 0xc0, 0x7e, 0x0, 0xf8,
    0xf, 0xff, 0x1, 0xf8, 0x7, 0xe0, 0x3f, 0xfc,
    0x3, 0xf0, 0x1f, 0x0, 0xff, 0xf0, 0xf, 0xc0,
    0x7c, 0x3, 0xff, 0xc0, 0x3f, 0x1, 0xf0, 0xf,
    0xff, 0x0, 0x7c, 0xf, 0x80, 0x3f, 0xfc, 0x1,
    0xf8, 0x3e, 0x0, 0xff, 0xf0, 0x7, 0xe0, 0xf8,
    0x3, 0xff, 0xc0, 0x1f, 0x87, 0xe0, 0xf, 0xff,
    0x0, 0x3e, 0x1f, 0x0, 0x3f, 0xfc, 0x0, 0xfc,
    0x7c, 0x0, 0xff, 0xf0, 0x3, 0xf1, 0xf0, 0x3,
    0xff, 0xc0, 0x7, 0xcf, 0x80, 0xf, 0xff, 0x0,
    0x1f, 0xbe, 0x0, 0x3f, 0xfc, 0x0, 0x7e, 0xf8,
    0x0, 0xff, 0xf0, 0x1, 0xfb, 0xe0, 0x3, 0xff,
    0xc0, 0x3, 0xff, 0x0, 0xf, 0xff, 0x0, 0xf,
    0xfc, 0x0, 0x3f, 0xfc, 0x0, 0x3f, 0xf0, 0x0,
    0xff, 0xf0, 0x0, 0x7f, 0x80, 0x3, 0xff, 0xc0,
    0x1, 0xfe, 0x0, 0xf, 0xff, 0x0, 0x7, 0xf8,
    0x0, 0x3f, 0xfc, 0x0, 0x1f, 0xe0, 0x0, 0xff,
    0xf0, 0x0, 0x3f, 0x0, 0x3, 0xff, 0xc0, 0x0,
    0xfc, 0x0, 0xf, 0xc0,

    /* U+004E "N" */
    0xfe, 0x0, 0x0, 0x0, 0xff, 0xf8, 0x0, 0x0,
    0x3, 0xff, 0xf0, 0x0, 0x0, 0xf, 0xff, 0xc0,
    0x0, 0x0, 0x3f, 0xff, 0x80, 0x0, 0x0, 0xff,
    0xfe, 0x0, 0x0, 0x3, 0xff, 0xfc, 0x0, 0x0,
    0xf, 0xff, 0xf8, 0x0, 0x0, 0x3f, 0xff, 0xe0,
    0x0, 0x0, 0xff, 0xff, 0xc0, 0x0, 0x3, 0xff,
    0xff, 0x0, 0x0, 0xf, 0xff, 0xfe, 0x0, 0x0,
    0x3f, 0xff, 0xf8, 0x0, 0x0, 0xff, 0xff, 0xf0,
    0x0, 0x3, 0xff, 0xdf, 0xc0, 0x0, 0xf, 0xff,
    0x3f, 0x80, 0x0, 0x3f, 0xfc, 0xff, 0x0, 0x0,
    0xff, 0xf1, 0xfc, 0x0, 0x3, 0xff, 0xc7, 0xf8,
    0x0, 0xf, 0xff, 0xf, 0xe0, 0x0, 0x3f, 0xfc,
    0x3f, 0xc0, 0x0, 0xff, 0xf0, 0x7f, 0x0, 0x3,
    0xff, 0xc1, 0xfe, 0x0, 0xf, 0xff, 0x3, 0xf8,
    0x0, 0x3f, 0xfc, 0x7, 0xf0, 0x0, 0xff, 0xf0,
    0x1f, 0xe0, 0x3, 0xff, 0xc0, 0x3f, 0x80, 0xf,
    0xff, 0x0, 0xff, 0x0, 0x3f, 0xfc, 0x1, 0xfc,
    0x0, 0xff, 0xf0, 0x7, 0xf8, 0x3, 0xff, 0xc0,
    0xf, 0xe0, 0xf, 0xff, 0x0, 0x3f, 0xc0, 0x3f,
    0xfc, 0x0, 0x7f, 0x0, 0xff, 0xf0, 0x1, 0xfe,
    0x3, 0xff, 0xc0, 0x3, 0xf8, 0xf, 0xff, 0x0,
    0x7, 0xf0, 0x3f, 0xfc, 0x0, 0x1f, 0xe0, 0xff,
    0xf0, 0x0, 0x3f, 0x83, 0xff, 0xc0, 0x0, 0xff,
    0xf, 0xff, 0x0, 0x1, 0xfc, 0x3f, 0xfc, 0x0,
    0x7, 0xf8, 0xff, 0xf0, 0x0, 0xf, 0xe3, 0xff,
    0xc0, 0x0, 0x3f, 0xcf, 0xff, 0x0, 0x0, 0x7f,
    0x3f, 0xfc, 0x0, 0x0, 0xfe, 0xff, 0xf0, 0x0,
    0x3, 0xff, 0xff, 0xc0, 0x0, 0x7, 0xff, 0xff,
    0x0, 0x0, 0x1f, 0xff, 0xfc, 0x0, 0x0, 0x3f,
    0xff, 0xf0, 0x0, 0x0, 0xff, 0xff, 0xc0, 0x0,
    0x1, 0xff, 0xff, 0x0, 0x0, 0x7, 0xff, 0xfc,
    0x0, 0x0, 0xf, 0xff, 0xf0, 0x0, 0x0, 0x1f,
    0xff, 0xc0, 0x0, 0x0, 0x7f, 0xff, 0x0, 0x0,
    0x0, 0xff, 0xfc, 0x0, 0x0, 0x3, 0xff, 0xf0,
    0x0, 0x0, 0x7, 0xff, 0xc0, 0x0, 0x0, 0x1f,
    0xc0,

    /* U+004F "O" */
    0x0, 0x0, 0x3f, 0xf0, 0x0, 0x0, 0x0, 0x7,
    0xff, 0xf8, 0x0, 0x0, 0x0, 0x7f, 0xff, 0xf8,
    0x0, 0x0, 0x3, 0xff, 0xff, 0xf0, 0x0, 0x0,
    0x3f, 0xff, 0xff, 0xf0, 0x0, 0x1, 0xff, 0xff,
    0xff, 0xe0, 0x0, 0xf, 0xff, 0xff, 0xff, 0xc0,
    0x0, 0x7f, 0xf8, 0x7, 0xff, 0x80, 0x3, 0xff,
    0x0, 0x7, 0xff, 0x0, 0xf, 0xf8, 0x0, 0x7,
    0xfc, 0x0, 0x7f, 0x80, 0x0, 0xf, 0xf8, 0x3,
    0xfc, 0x0, 0x0, 0xf, 0xf0, 0xf, 0xe0, 0x0,
    0x0, 0x3f, 0xc0, 0x7f, 0x80, 0x0, 0x0, 0x7f,
    0x81, 0xfc, 0x0, 0x0, 0x0, 0xfe, 0x7, 0xe0,
    0x0, 0x0, 0x1, 0xf8, 0x3f, 0x80, 0x0, 0x0,
    0x7, 0xf0, 0xfc, 0x0, 0x0, 0x0, 0xf, 0xc3,
    0xf0, 0x0, 0x0, 0x0, 0x3f, 0x1f, 0xc0, 0x0,
    0x0, 0x0, 0xfe, 0x7e, 0x0, 0x0, 0x0, 0x1,
    0xf9, 0xf8, 0x0, 0x0, 0x0, 0x7, 0xe7, 0xe0,
    0x0, 0x0, 0x0, 0x1f, 0x9f, 0x80, 0x0, 0x0,
    0x0, 0x7e, 0xfe, 0x0, 0x0, 0x0, 0x1, 0xff,
    0xf0, 0x0, 0x0, 0x0, 0x3, 0xff, 0xc0, 0x0,
    0x0, 0x0, 0xf, 0xff, 0x0, 0x0, 0x0, 0x0,
    0x3f, 0xfc, 0x0, 0x0, 0x0, 0x0, 0xff, 0xf0,
    0x0, 0x0, 0x0, 0x3, 0xff, 0xc0, 0x0, 0x0,
    0x0, 0xf, 0xff, 0x0, 0x0, 0x0, 0x0, 0x3f,
    0xfc, 0x0, 0x0, 0x0, 0x0, 0xff, 0xf0, 0x0,
    0x0, 0x0, 0x3, 0xff, 0xc0, 0x0, 0x0, 0x0,
    0xf, 0xff, 0x0, 0x0, 0x0, 0x0, 0x3f, 0xfc,
    0x0, 0x0, 0x0, 0x0, 0xff, 0xf0, 0x0, 0x0,
    0x0, 0x3, 0xff, 0xc0, 0x0, 0x0, 0x0, 0x1f,
    0x9f, 0x80, 0x0, 0x0, 0x0, 0x7e, 0x7e, 0x0,
    0x0, 0x0, 0x1, 0xf9, 0xf8, 0x0, 0x0, 0x0,
    0x7, 0xe7, 0xe0, 0x0, 0x0, 0x0, 0x1f, 0x8f,
    0xc0, 0x0, 0x0, 0x0, 0xfc, 0x3f, 0x0, 0x0,
    0x0, 0x3, 0xf0, 0xfc, 0x0, 0x0, 0x0, 0xf,
    0xc1, 0xf8, 0x0, 0x0, 0x0, 0x7e, 0x7, 0xe0,
    0x0, 0x0, 0x1, 0xf8, 0xf, 0xc0, 0x0, 0x0,
    0xf, 0xe0, 0x3f, 0x80, 0x0, 0x0, 0x7f, 0x0,
    0x7f, 0x0, 0x0, 0x3, 0xfc, 0x1, 0xfc, 0x0,
    0x0, 0xf, 0xe0, 0x3, 0xfc, 0x0, 0x0, 0xff,
    0x0, 0x7, 0xf8, 0x0, 0x7, 0xfc, 0x0, 0x1f,
    0xf8, 0x0, 0x7f, 0xe0, 0x0, 0x3f, 0xf8, 0x7,
    0xff, 0x0, 0x0, 0x7f, 0xff, 0xff, 0xf8, 0x0,
    0x0, 0xff, 0xff, 0xff, 0xc0, 0x0, 0x0, 0xff,
    0xff, 0xfe, 0x0, 0x0, 0x1, 0xff, 0xff, 0xe0,
    0x0, 0x0, 0x1, 0xff, 0xfe, 0x0, 0x0, 0x0,
    0x0, 0xff, 0xc0, 0x0, 0x0,

    /* U+0050 "P" */
    0xff, 0xff, 0xff, 0x80, 0x7, 0xff, 0xff, 0xff,
    0xc0, 0x3f, 0xff, 0xff, 0xff, 0x81, 0xff, 0xff,
    0xff, 0xfe, 0xf, 0xff, 0xff, 0xff, 0xf8, 0x7f,
    0xff, 0xff, 0xff, 0xe3, 0xff, 0xff, 0xff, 0xff,
    0x1f, 0x80, 0x0, 0xf, 0xfc, 0xfc, 0x0, 0x0,
    0x1f, 0xe7, 0xe0, 0x0, 0x0, 0x7f, 0xbf, 0x0,
    0x0, 0x1, 0xfd, 0xf8, 0x0, 0x0, 0x7, 0xef,
    0xc0, 0x0, 0x0, 0x3f, 0xfe, 0x0, 0x0, 0x1,
    0xff, 0xf0, 0x0, 0x0, 0x7, 0xff, 0x80, 0x0,
    0x0, 0x3f, 0xfc, 0x0, 0x0, 0x1, 0xff, 0xe0,
    0x0, 0x0, 0xf, 0xff, 0x0, 0x0, 0x0, 0x7f,
    0xf8, 0x0, 0x0, 0x3, 0xff, 0xc0, 0x0, 0x0,
    0x1f, 0xfe, 0x0, 0x0, 0x1, 0xff, 0xf0, 0x0,
    0x0, 0xf, 0xdf, 0x80, 0x0, 0x0, 0x7e, 0xfc,
    0x0, 0x0, 0x7, 0xf7, 0xe0, 0x0, 0x0, 0x7f,
    0x3f, 0x0, 0x0, 0xf, 0xf9, 0xf8, 0x0, 0x1,
    0xff, 0xcf, 0xff, 0xff, 0xff, 0xfc, 0x7f, 0xff,
    0xff, 0xff, 0xc3, 0xff, 0xff, 0xff, 0xfc, 0x1f,
    0xff, 0xff, 0xff, 0xc0, 0xff, 0xff, 0xff, 0xfc,
    0x7, 0xff, 0xff, 0xff, 0x80, 0x3f, 0xff, 0xff,
    0xc0, 0x1, 0xf8, 0x0, 0x0, 0x0, 0xf, 0xc0,
    0x0, 0x0, 0x0, 0x7e, 0x0, 0x0, 0x0, 0x3,
    0xf0, 0x0, 0x0, 0x0, 0x1f, 0x80, 0x0, 0x0,
    0x0, 0xfc, 0x0, 0x0, 0x0, 0x7, 0xe0, 0x0,
    0x0, 0x0, 0x3f, 0x0, 0x0, 0x0, 0x1, 0xf8,
    0x0, 0x0, 0x0, 0xf, 0xc0, 0x0, 0x0, 0x0,
    0x7e, 0x0, 0x0, 0x0, 0x3, 0xf0, 0x0, 0x0,
    0x0, 0x1f, 0x80, 0x0, 0x0, 0x0, 0xfc, 0x0,
    0x0, 0x0, 0x7, 0xe0, 0x0, 0x0, 0x0, 0x3f,
    0x0, 0x0, 0x0, 0x1, 0xf8, 0x0, 0x0, 0x0,
    0xf, 0xc0, 0x0, 0x0, 0x0, 0x7e, 0x0, 0x0,
    0x0, 0x3, 0xf0, 0x0, 0x0, 0x0, 0x1f, 0x80,
    0x0, 0x0, 0x0, 0xfc, 0x0, 0x0, 0x0, 0x7,
    0xe0, 0x0, 0x0, 0x0, 0x3f, 0x0, 0x0, 0x0,
    0x0,

    /* U+0051 "Q" */
    0x0, 0x0, 0x3f, 0xf0, 0x0, 0x0, 0x0, 0x3,
    0xff, 0xfc, 0x0, 0x0, 0x0, 0x1f, 0xff, 0xfe,
    0x0, 0x0, 0x0, 0x7f, 0xff, 0xfe, 0x0, 0x0,
    0x3, 0xff, 0xff, 0xff, 0x0, 0x0, 0xf, 0xff,
    0xff, 0xff, 0x0, 0x0, 0x3f, 0xff, 0xff, 0xff,
    0x0, 0x0, 0xff, 0xf0, 0xf, 0xff, 0x0, 0x3,
    0xff, 0x80, 0x7, 0xff, 0x0, 0x7, 0xfc, 0x0,
    0x3, 0xfe, 0x0, 0x1f, 0xe0, 0x0, 0x3, 0xfe,
    0x0, 0x7f, 0x80, 0x0, 0x1, 0xfc, 0x0, 0xfe,
    0x0, 0x0, 0x3, 0xfc, 0x3, 0xfc, 0x0, 0x0,
    0x3, 0xfc, 0x7, 0xf0, 0x0, 0x0, 0x3, 0xf8,
    0xf, 0xc0, 0x0, 0x0, 0x3, 0xf0, 0x3f, 0x80,
    0x0, 0x0, 0x7, 0xf0, 0x7e, 0x0, 0x0, 0x0,
    0x7, 0xe0, 0xfc, 0x0, 0x0, 0x0, 0xf, 0xc3,
    0xf8, 0x0, 0x0, 0x0, 0x1f, 0xc7, 0xe0, 0x0,
    0x0, 0x0, 0x1f, 0x8f, 0xc0, 0x0, 0x0, 0x0,
    0x3f, 0x1f, 0x80, 0x0, 0x0, 0x0, 0x7e, 0x3f,
    0x0, 0x0, 0x0, 0x0, 0xfc, 0xfc, 0x0, 0x0,
    0x0, 0x1, 0xfd, 0xf8, 0x0, 0x0, 0x0, 0x1,
    0xfb, 0xf0, 0x0, 0x0, 0x0, 0x3, 0xf7, 0xe0,
    0x0, 0x0, 0x0, 0x7, 0xef, 0xc0, 0x0, 0x0,
    0x0, 0xf, 0xdf, 0x80, 0x0, 0x0, 0x0, 0x1f,
    0xbf, 0x0, 0x0, 0x0, 0x0, 0x3f, 0x7e, 0x0,
    0x0, 0x0, 0x0, 0x7e, 0xfc, 0x0, 0x0, 0x0,
    0x0, 0xfd, 0xf8, 0x0, 0x0, 0x0, 0x1, 0xfb,
    0xf0, 0x0, 0x0, 0x0, 0x3, 0xf7, 0xe0, 0x0,
    0x0, 0x0, 0x7, 0xef, 0xc0, 0x0, 0x0, 0x0,
    0xf, 0xdf, 0x80, 0x0, 0x0, 0x0, 0x1f, 0x9f,
    0x0, 0x0, 0x0, 0x0, 0x7e, 0x3f, 0x0, 0x0,
    0x0, 0x0, 0xfc, 0x7e, 0x0, 0x0, 0x0, 0x1,
    0xf8, 0xfc, 0x0, 0x0, 0x0, 0x3, 0xf1, 0xf8,
    0x0, 0x0, 0x0, 0x7, 0xe1, 0xf8, 0x0, 0x0,
    0x0, 0x1f, 0x83, 0xf0, 0x0, 0x0, 0x0, 0x3f,
    0x7, 0xe0, 0x0, 0x8, 0x0, 0x7e, 0x7, 0xe0,
    0x0, 0x3c, 0x1, 0xf8, 0xf, 0xc0, 0x0, 0x7e,
    0x3, 0xf0, 0xf, 0xc0, 0x0, 0xfe, 0xf, 0xe0,
    0x1f, 0xc0, 0x1, 0xff, 0x3f, 0x80, 0x1f, 0xc0,
    0x7, 0xff, 0x7f, 0x0, 0x3f, 0x80, 0x3, 0xff,
    0xfc, 0x0, 0x3f, 0xc0, 0x1, 0xff, 0xf0, 0x0,
    0x3f, 0xc0, 0x1, 0xff, 0xe0, 0x0, 0x7f, 0xe0,
    0x1, 0xff, 0x80, 0x0, 0x7f, 0xf0, 0xf, 0xff,
    0x80, 0x0, 0x7f, 0xff, 0xff, 0xff, 0x80, 0x0,
    0x7f, 0xff, 0xff, 0xff, 0x80, 0x0, 0x3f, 0xff,
    0xff, 0xff, 0xc0, 0x0, 0x3f, 0xff, 0xfe, 0x7f,
    0xc0, 0x0, 0x1f, 0xff, 0xe0, 0x7f, 0xe0, 0x0,
    0x3, 0xfe, 0x0, 0x7f, 0xc0, 0x0, 0x0, 0x0,
    0x0, 0x3f, 0x0, 0x0, 0x0, 0x0, 0x0, 0x3e,
    0x0, 0x0, 0x0, 0x0, 0x0, 0x1c, 0x0, 0x0,
    0x0, 0x0, 0x0, 0x0,

    /* U+0052 "R" */
    0xff, 0xff, 0xff, 0xf0, 0x0, 0x1f, 0xff, 0xff,
    0xff, 0xc0, 0x3, 0xff, 0xff, 0xff, 0xfe, 0x0,
    0x7f, 0xff, 0xff, 0xff, 0xe0, 0xf, 0xff, 0xff,
    0xff, 0xfe, 0x1, 0xff, 0xff, 0xff, 0xff, 0xe0,
    0x3f, 0x0, 0x0, 0xf, 0xfe, 0x7, 0xe0, 0x0,
    0x0, 0x3f, 0xc0, 0xfc, 0x0, 0x0, 0x3, 0xfc,
    0x1f, 0x80, 0x0, 0x0, 0x3f, 0x83, 0xf0, 0x0,
    0x0, 0x3, 0xf0, 0x7e, 0x0, 0x0, 0x0, 0x7f,
    0xf, 0xc0, 0x0, 0x0, 0x7, 0xe1, 0xf8, 0x0,
    0x0, 0x0, 0xfc, 0x3f, 0x0, 0x0, 0x0, 0x1f,
    0x87, 0xe0, 0x0, 0x0, 0x3, 0xf0, 0xfc, 0x0,
    0x0, 0x0, 0x7e, 0x1f, 0x80, 0x0, 0x0, 0xf,
    0xc3, 0xf0, 0x0, 0x0, 0x1, 0xf8, 0x7e, 0x0,
    0x0, 0x0, 0x7f, 0xf, 0xc0, 0x0, 0x0, 0xf,
    0xe1, 0xf8, 0x0, 0x0, 0x3, 0xf8, 0x3f, 0x0,
    0x0, 0x0, 0x7f, 0x7, 0xe0, 0x0, 0x0, 0x1f,
    0xe0, 0xfc, 0x0, 0x0, 0xf, 0xf8, 0x1f, 0x80,
    0x0, 0x7, 0xff, 0x3, 0xff, 0xff, 0xff, 0xff,
    0xc0, 0x7f, 0xff, 0xff, 0xff, 0xf0, 0xf, 0xff,
    0xff, 0xff, 0xfc, 0x1, 0xff, 0xff, 0xff, 0xff,
    0x0, 0x3f, 0xff, 0xff, 0xff, 0x80, 0x7, 0xff,
    0xff, 0xff, 0xc0, 0x0, 0xff, 0xff, 0xff, 0xc0,
    0x0, 0x1f, 0x80, 0x7, 0xfc, 0x0, 0x3, 0xf0,
    0x0, 0x3f, 0xe0, 0x0, 0x7e, 0x0, 0x3, 0xfe,
    0x0, 0xf, 0xc0, 0x0, 0x3f, 0xc0, 0x1, 0xf8,
    0x0, 0x3, 0xfc, 0x0, 0x3f, 0x0, 0x0, 0x3f,
    0xc0, 0x7, 0xe0, 0x0, 0x7, 0xfc, 0x0, 0xfc,
    0x0, 0x0, 0x7f, 0x80, 0x1f, 0x80, 0x0, 0xf,
    0xf8, 0x3, 0xf0, 0x0, 0x0, 0xff, 0x0, 0x7e,
    0x0, 0x0, 0xf, 0xf0, 0xf, 0xc0, 0x0, 0x1,
    0xfe, 0x1, 0xf8, 0x0, 0x0, 0x1f, 0xe0, 0x3f,
    0x0, 0x0, 0x3, 0xfc, 0x7, 0xe0, 0x0, 0x0,
    0x3f, 0xc0, 0xfc, 0x0, 0x0, 0x7, 0xf8, 0x1f,
    0x80, 0x0, 0x0, 0x7f, 0x83, 0xf0, 0x0, 0x0,
    0xf, 0xf0, 0x7e, 0x0, 0x0, 0x0, 0xff, 0xf,
    0xc0, 0x0, 0x0, 0xf, 0xe1, 0xf8, 0x0, 0x0,
    0x1, 0xfe, 0x3f, 0x0, 0x0, 0x0, 0x1f, 0xc7,
    0xe0, 0x0, 0x0, 0x3, 0xfc, 0xfc, 0x0, 0x0,
    0x0, 0x3f, 0x9f, 0x80, 0x0, 0x0, 0x7, 0xfb,
    0xf0, 0x0, 0x0, 0x0, 0x7f, 0xfe, 0x0, 0x0,
    0x0, 0xf, 0xf0,

    /* U+0053 "S" */
    0x0, 0x1, 0xff, 0x0, 0x0, 0x0, 0x3f, 0xff,
    0xc0, 0x0, 0x1, 0xff, 0xff, 0xf0, 0x0, 0x7,
    0xff, 0xff, 0xf0, 0x0, 0x1f, 0xff, 0xff, 0xf0,
    0x0, 0x7f, 0xff, 0xff, 0xf0, 0x1, 0xff, 0xff,
    0xff, 0xf0, 0x7, 0xff, 0x0, 0x7f, 0xf0, 0xf,
    0xf0, 0x0, 0x3f, 0xe0, 0x3f, 0xc0, 0x0, 0x1f,
    0xe0, 0x7f, 0x0, 0x0, 0x1f, 0xc0, 0xfc, 0x0,
    0x0, 0x3f, 0xc3, 0xf8, 0x0, 0x0, 0x3f, 0x87,
    0xe0, 0x0, 0x0, 0x7f, 0xf, 0xc0, 0x0, 0x0,
    0x7e, 0x1f, 0x80, 0x0, 0x0, 0xfc, 0x3f, 0x0,
    0x0, 0x1, 0xf8, 0x7e, 0x0, 0x0, 0x3, 0xf8,
    0xfc, 0x0, 0x0, 0x0, 0x1, 0xfc, 0x0, 0x0,
    0x0, 0x1, 0xf8, 0x0, 0x0, 0x0, 0x3, 0xf8,
    0x0, 0x0, 0x0, 0x7, 0xfc, 0x0, 0x0, 0x0,
    0x7, 0xfe, 0x0, 0x0, 0x0, 0xf, 0xff, 0x80,
    0x0, 0x0, 0xf, 0xff, 0xf0, 0x0, 0x0, 0xf,
    0xff, 0xfc, 0x0, 0x0, 0xf, 0xff, 0xff, 0x0,
    0x0, 0xf, 0xff, 0xff, 0xc0, 0x0, 0x7, 0xff,
    0xff, 0xe0, 0x0, 0x3, 0xff, 0xff, 0xe0, 0x0,
    0x1, 0xff, 0xff, 0xe0, 0x0, 0x0, 0x3f, 0xff,
    0xe0, 0x0, 0x0, 0xf, 0xff, 0xe0, 0x0, 0x0,
    0x3, 0xff, 0xe0, 0x0, 0x0, 0x0, 0xff, 0xc0,
    0x0, 0x0, 0x0, 0x7f, 0xc0, 0x0, 0x0, 0x0,
    0x7f, 0x80, 0x0, 0x0, 0x0, 0x7f, 0x0, 0x0,
    0x0, 0x0, 0x7f, 0x4, 0x0, 0x0, 0x0, 0xff,
    0xf8, 0x0, 0x0, 0x0, 0xff, 0xf0, 0x0, 0x0,
    0x1, 0xff, 0xf0, 0x0, 0x0, 0x3, 0xff, 0xe0,
    0x0, 0x0, 0x7, 0xff, 0xc0, 0x0, 0x0, 0xf,
    0xdf, 0xc0, 0x0, 0x0, 0x1f, 0xbf, 0x80, 0x0,
    0x0, 0x7f, 0x7f, 0x80, 0x0, 0x0, 0xfc, 0xff,
    0x0, 0x0, 0x3, 0xf8, 0xff, 0x80, 0x0, 0xf,
    0xf1, 0xff, 0x80, 0x0, 0x3f, 0xc1, 0xff, 0xc0,
    0x0, 0xff, 0x81, 0xff, 0xe0, 0xf, 0xfe, 0x3,
    0xff, 0xff, 0xff, 0xf8, 0x3, 0xff, 0xff, 0xff,
    0xe0, 0x3, 0xff, 0xff, 0xff, 0x80, 0x1, 0xff,
    0xff, 0xfe, 0x0, 0x1, 0xff, 0xff, 0xf8, 0x0,
    0x0, 0xff, 0xff, 0xc0, 0x0, 0x0, 0x1f, 0xf8,
    0x0, 0x0,

    /* U+0054 "T" */
    0xff, 0xff, 0xff, 0xff, 0xff, 0xff, 0xff, 0xff,
    0xff, 0xff, 0xff, 0xff, 0xff, 0xff, 0xff, 0xff,
    0xff, 0xff, 0xff, 0xff, 0xff, 0xff, 0xff, 0xff,
    0xff, 0xff, 0xff, 0xff, 0xff, 0xff, 0xff, 0xff,
    0xff, 0xff, 0x80, 0x0, 0x7e, 0x0, 0x0, 0x0,
    0x0, 0xfc, 0x0, 0x0, 0x0, 0x1, 0xf8, 0x0,
    0x0, 0x0, 0x3, 0xf0, 0x0, 0x0, 0x0, 0x7,
    0xe0, 0x0, 0x0, 0x0, 0xf, 0xc0, 0x0, 0x0,
    0x0, 0x1f, 0x80, 0x0, 0x0, 0x0, 0x3f, 0x0,
    0x0, 0x0, 0x0, 0x7e, 0x0, 0x0, 0x0, 0x0,
    0xfc, 0x0, 0x0, 0x0, 0x1, 0xf8, 0x0, 0x0,
    0x0, 0x3, 0xf0, 0x0, 0x0, 0x0, 0x7, 0xe0,
    0x0, 0x0, 0x0, 0xf, 0xc0, 0x0, 0x0, 0x0,
    0x1f, 0x80, 0x0, 0x0, 0x0, 0x3f, 0x0, 0x0,
    0x0, 0x0, 0x7e, 0x0, 0x0, 0x0, 0x0, 0xfc,
    0x0, 0x0, 0x0, 0x1, 0xf8, 0x0, 0x0, 0x0,
    0x3, 0xf0, 0x0, 0x0, 0x0, 0x7, 0xe0, 0x0,
    0x0, 0x0, 0xf, 0xc0, 0x0, 0x0, 0x0, 0x1f,
    0x80, 0x0, 0x0, 0x0, 0x3f, 0x0, 0x0, 0x0,
    0x0, 0x7e, 0x0, 0x0, 0x0, 0x0, 0xfc, 0x0,
    0x0, 0x0, 0x1, 0xf8, 0x0, 0x0, 0x0, 0x3,
    0xf0, 0x0, 0x0, 0x0, 0x7, 0xe0, 0x0, 0x0,
    0x0, 0xf, 0xc0, 0x0, 0x0, 0x0, 0x1f, 0x80,
    0x0, 0x0, 0x0, 0x3f, 0x0, 0x0, 0x0, 0x0,
    0x7e, 0x0, 0x0, 0x0, 0x0, 0xfc, 0x0, 0x0,
    0x0, 0x1, 0xf8, 0x0, 0x0, 0x0, 0x3, 0xf0,
    0x0, 0x0, 0x0, 0x7, 0xe0, 0x0, 0x0, 0x0,
    0xf, 0xc0, 0x0, 0x0, 0x0, 0x1f, 0x80, 0x0,
    0x0, 0x0, 0x3f, 0x0, 0x0, 0x0, 0x0, 0x7e,
    0x0, 0x0, 0x0, 0x0, 0xfc, 0x0, 0x0, 0x0,
    0x1, 0xf8, 0x0, 0x0, 0x0, 0x3, 0xf0, 0x0,
    0x0, 0x0, 0x7, 0xe0, 0x0, 0x0, 0x0, 0xf,
    0xc0, 0x0, 0x0, 0x0, 0x1f, 0x80, 0x0, 0x0,
    0x0, 0x3f, 0x0, 0x0, 0x0, 0x0, 0x7e, 0x0,
    0x0, 0x0, 0x0, 0xfc, 0x0, 0x0, 0x0, 0x1,
    0xf8, 0x0, 0x0, 0x0, 0x3, 0xf0, 0x0, 0x0,
    0x0, 0x7, 0xe0, 0x0, 0x0,

    /* U+0055 "U" */
    0xfc, 0x0, 0x0, 0x0, 0xff, 0xf0, 0x0, 0x0,
    0x3, 0xff, 0xc0, 0x0, 0x0, 0xf, 0xff, 0x0,
    0x0, 0x0, 0x3f, 0xfc, 0x0, 0x0, 0x0, 0xff,
    0xf0, 0x0, 0x0, 0x3, 0xff, 0xc0, 0x0, 0x0,
    0xf, 0xff, 0x0, 0x0, 0x0, 0x3f, 0xfc, 0x0,
    0x0, 0x0, 0xff, 0xf0, 0x0, 0x0, 0x3, 0xff,
    0xc0, 0x0, 0x0, 0xf, 0xff, 0x0, 0x0, 0x0,
    0x3f, 0xfc, 0x0, 0x0, 0x0, 0xff, 0xf0, 0x0,
    0x0, 0x3, 0xff, 0xc0, 0x0, 0x0, 0xf, 0xff,
    0x0, 0x0, 0x0, 0x3f, 0xfc, 0x0, 0x0, 0x0,
    0xff, 0xf0, 0x0, 0x0, 0x3, 0xff, 0xc0, 0x0,
    0x0, 0xf, 0xff, 0x0, 0x0, 0x0, 0x3f, 0xfc,
    0x0, 0x0, 0x0, 0xff, 0xf0, 0x0, 0x0, 0x3,
    0xff, 0xc0, 0x0, 0x0, 0xf, 0xff, 0x0, 0x0,
    0x0, 0x3f, 0xfc, 0x0, 0x0, 0x0, 0xff, 0xf0,
    0x0, 0x0, 0x3, 0xff, 0xc0, 0x0, 0x0, 0xf,
    0xff, 0x0, 0x0, 0x0, 0x3f, 0xfc, 0x0, 0x0,
    0x0, 0xff, 0xf0, 0x0, 0x0, 0x3, 0xff, 0xc0,
    0x0, 0x0, 0xf, 0xff, 0x0, 0x0, 0x0, 0x3f,
    0xfc, 0x0, 0x0, 0x0, 0xff, 0xf0, 0x0, 0x0,
    0x3, 0xff, 0xc0, 0x0, 0x0, 0xf, 0xff, 0x0,
    0x0, 0x0, 0x3f, 0xfc, 0x0, 0x0, 0x0, 0xff,
    0xf0, 0x0, 0x0, 0x3, 0xff, 0xc0, 0x0, 0x0,
    0xf, 0xff, 0x0, 0x0, 0x0, 0x3f, 0xfc, 0x0,
    0x0, 0x0, 0xff, 0xf0, 0x0, 0x0, 0x3, 0xff,
    0xc0, 0x0, 0x0, 0xf, 0xff, 0x80, 0x0, 0x0,
    0x7e, 0x7e, 0x0, 0x0, 0x1, 0xf9, 0xf8, 0x0,
    0x0, 0x7, 0xe7, 0xe0, 0x0, 0x0, 0x1f, 0x9f,
    0xc0, 0x0, 0x0, 0xfe, 0x7f, 0x0, 0x0, 0x3,
    0xf0, 0xfe, 0x0, 0x0, 0x1f, 0xc3, 0xfc, 0x0,
    0x0, 0xff, 0x7, 0xf8, 0x0, 0x7, 0xf8, 0x1f,
    0xf0, 0x0, 0x3f, 0xe0, 0x3f, 0xf8, 0x7, 0xff,
    0x0, 0xff, 0xff, 0xff, 0xfc, 0x1, 0xff, 0xff,
    0xff, 0xe0, 0x3, 0xff, 0xff, 0xff, 0x0, 0x7,
    0xff, 0xff, 0xf8, 0x0, 0x7, 0xff, 0xff, 0x80,
    0x0, 0x7, 0xff, 0xf8, 0x0, 0x0, 0x3, 0xff,
    0x0, 0x0,

    /* U+0056 "V" */
    0xfe, 0x0, 0x0, 0x0, 0x3, 0xfb, 0xf8, 0x0,
    0x0, 0x0, 0x1f, 0xdf, 0xc0, 0x0, 0x0, 0x0,
    0xfc, 0xfe, 0x0, 0x0, 0x0, 0xf, 0xe3, 0xf0,
    0x0, 0x0, 0x0, 0x7f, 0x1f, 0xc0, 0x0, 0x0,
    0x3, 0xf0, 0xfe, 0x0, 0x0, 0x0, 0x3f, 0x83,
    0xf0, 0x0, 0x0, 0x1, 0xfc, 0x1f, 0xc0, 0x0,
    0x0, 0xf, 0xc0, 0xfe, 0x0, 0x0, 0x0, 0x7e,
    0x7, 0xf0, 0x0, 0x0, 0x7, 0xf0, 0x1f, 0xc0,
    0x0, 0x0, 0x3f, 0x0, 0xfe, 0x0, 0x0, 0x1,
    0xf8, 0x7, 0xf0, 0x0, 0x0, 0x1f, 0xc0, 0x1f,
    0x80, 0x0, 0x0, 0xfc, 0x0, 0xfe, 0x0, 0x0,
    0x7, 0xe0, 0x7, 0xf0, 0x0, 0x0, 0x7f, 0x0,
    0x1f, 0x80, 0x0, 0x3, 0xf0, 0x0, 0xfe, 0x0,
    0x0, 0x1f, 0x80, 0x7, 0xf0, 0x0, 0x1, 0xfc,
    0x0, 0x1f, 0x80, 0x0, 0xf, 0xc0, 0x0, 0xfc,
    0x0, 0x0, 0x7e, 0x0, 0x7, 0xf0, 0x0, 0x3,
    0xf0, 0x0, 0x1f, 0x80, 0x0, 0x3f, 0x80, 0x0,
    0xfc, 0x0, 0x1, 0xf8, 0x0, 0x7, 0xf0, 0x0,
    0xf, 0xc0, 0x0, 0x1f, 0x80, 0x0, 0xfe, 0x0,
    0x0, 0xfc, 0x0, 0x7, 0xe0, 0x0, 0x7, 0xf0,
    0x0, 0x3f, 0x0, 0x0, 0x1f, 0x80, 0x3, 0xf8,
    0x0, 0x0, 0xfc, 0x0, 0x1f, 0x80, 0x0, 0x7,
    0xe0, 0x0, 0xfc, 0x0, 0x0, 0x3f, 0x80, 0x7,
    0xe0, 0x0, 0x0, 0xfc, 0x0, 0x7e, 0x0, 0x0,
    0x7, 0xe0, 0x3, 0xf0, 0x0, 0x0, 0x3f, 0x80,
    0x1f, 0x80, 0x0, 0x0, 0xfc, 0x1, 0xf8, 0x0,
    0x0, 0x7, 0xe0, 0xf, 0xc0, 0x0, 0x0, 0x3f,
    0x0, 0x7e, 0x0, 0x0, 0x0, 0xfc, 0x7, 0xe0,
    0x0, 0x0, 0x7, 0xe0, 0x3f, 0x0, 0x0, 0x0,
    0x3f, 0x1, 0xf8, 0x0, 0x0, 0x0, 0xfc, 0x1f,
    0x80, 0x0, 0x0, 0x7, 0xe0, 0xfc, 0x0, 0x0,
    0x0, 0x3f, 0x7, 0xe0, 0x0, 0x0, 0x0, 0xf8,
    0x3e, 0x0, 0x0, 0x0, 0x7, 0xe3, 0xf0, 0x0,
    0x0, 0x0, 0x3f, 0x1f, 0x80, 0x0, 0x0, 0x0,
    0xf8, 0xfc, 0x0, 0x0, 0x0, 0x7, 0xef, 0xc0,
    0x0, 0x0, 0x0, 0x3f, 0x7e, 0x0, 0x0, 0x0,
    0x0, 0xfb, 0xf0, 0x0, 0x0, 0x0, 0x7, 0xdf,
    0x0, 0x0, 0x0, 0x0, 0x3f, 0xf8, 0x0, 0x0,
    0x0, 0x1, 0xff, 0xc0, 0x0, 0x0, 0x0, 0x7,
    0xfc, 0x0, 0x0, 0x0, 0x0, 0x3f, 0xe0, 0x0,
    0x0, 0x0, 0x1, 0xff, 0x0, 0x0, 0x0, 0x0,
    0x7, 0xf0, 0x0, 0x0, 0x0, 0x0, 0x3f, 0x80,
    0x0, 0x0,

    /* U+0057 "W" */
    0xfe, 0x0, 0x0, 0x1f, 0xe0, 0x0, 0x0, 0xff,
    0xfc, 0x0, 0x0, 0x3f, 0xc0, 0x0, 0x1, 0xfb,
    0xf8, 0x0, 0x0, 0x7f, 0xc0, 0x0, 0x3, 0xf3,
    0xf0, 0x0, 0x0, 0xff, 0x80, 0x0, 0xf, 0xe7,
    0xe0, 0x0, 0x1, 0xff, 0x0, 0x0, 0x1f, 0xcf,
    0xc0, 0x0, 0x7, 0xfe, 0x0, 0x0, 0x3f, 0x1f,
    0xc0, 0x0, 0xf, 0xfe, 0x0, 0x0, 0x7e, 0x3f,
    0x80, 0x0, 0x1f, 0xfc, 0x0, 0x0, 0xfc, 0x3f,
    0x0, 0x0, 0x3f, 0xf8, 0x0, 0x3, 0xf8, 0x7e,
    0x0, 0x0, 0xfd, 0xf0, 0x0, 0x7, 0xf0, 0xfc,
    0x0, 0x1, 0xfb, 0xf0, 0x0, 0xf, 0xc1, 0xfc,
    0x0, 0x3, 0xe7, 0xe0, 0x0, 0x1f, 0x81, 0xf8,
    0x0, 0x7, 0xcf, 0xc0, 0x0, 0x3f, 0x3, 0xf0,
    0x0, 0x1f, 0x9f, 0x80, 0x0, 0xfe, 0x7, 0xe0,
    0x0, 0x3f, 0x1f, 0x80, 0x1, 0xf8, 0xf, 0xc0,
    0x0, 0x7e, 0x3f, 0x0, 0x3, 0xf0, 0x1f, 0xc0,
    0x0, 0xf8, 0x7e, 0x0, 0x7, 0xe0, 0x1f, 0x80,
    0x1, 0xf0, 0xfc, 0x0, 0xf, 0xc0, 0x3f, 0x0,
    0x7, 0xe0, 0xf8, 0x0, 0x3f, 0x80, 0x7e, 0x0,
    0xf, 0xc1, 0xf8, 0x0, 0x7e, 0x0, 0xfc, 0x0,
    0x1f, 0x3, 0xf0, 0x0, 0xfc, 0x1, 0xfc, 0x0,
    0x3e, 0x7, 0xe0, 0x1, 0xf8, 0x1, 0xf8, 0x0,
    0xfc, 0x7, 0xc0, 0x3, 0xf0, 0x3, 0xf0, 0x1,
    0xf8, 0xf, 0xc0, 0xf, 0xc0, 0x7, 0xe0, 0x3,
    0xf0, 0x1f, 0x80, 0x1f, 0x80, 0xf, 0xc0, 0x7,
    0xc0, 0x3f, 0x0, 0x3f, 0x0, 0xf, 0x80, 0x1f,
    0x80, 0x7e, 0x0, 0x7e, 0x0, 0x1f, 0x80, 0x3f,
    0x0, 0x7e, 0x0, 0xfc, 0x0, 0x3f, 0x0, 0x7e,
    0x0, 0xfc, 0x3, 0xf0, 0x0, 0x7e, 0x0, 0xf8,
    0x1, 0xf8, 0x7, 0xe0, 0x0, 0xfc, 0x1, 0xf0,
    0x3, 0xf0, 0xf, 0xc0, 0x0, 0xf8, 0x7, 0xe0,
    0x3, 0xe0, 0x1f, 0x80, 0x1, 0xf8, 0xf, 0xc0,
    0x7, 0xe0, 0x3e, 0x0, 0x3, 0xf0, 0x1f, 0x0,
    0xf, 0xc0, 0xfc, 0x0, 0x7, 0xe0, 0x3e, 0x0,
    0x1f, 0x81, 0xf8, 0x0, 0x7, 0xc0, 0xfc, 0x0,
    0x3f, 0x3, 0xf0, 0x0, 0xf, 0x81, 0xf8, 0x0,
    0x3f, 0x7, 0xe0, 0x0, 0x1f, 0x83, 0xf0, 0x0,
    0x7e, 0xf, 0x80, 0x0, 0x3f, 0x7, 0xc0, 0x0,
    0xfc, 0x3f, 0x0, 0x0, 0x7e, 0x1f, 0x80, 0x1,
    0xf8, 0x7e, 0x0, 0x0, 0x7c, 0x3f, 0x0, 0x1,
    0xf0, 0xfc, 0x0, 0x0, 0xf8, 0x7e, 0x0, 0x3,
    0xe1, 0xf0, 0x0, 0x1, 0xf8, 0xf8, 0x0, 0x7,
    0xe3, 0xe0, 0x0, 0x3, 0xf1, 0xf0, 0x0, 0xf,
    0xcf, 0xc0, 0x0, 0x7, 0xe7, 0xe0, 0x0, 0x1f,
    0x9f, 0x80, 0x0, 0x7, 0xcf, 0xc0, 0x0, 0x1f,
    0x3e, 0x0, 0x0, 0xf, 0x9f, 0x80, 0x0, 0x3e,
    0x7c, 0x0, 0x0, 0x1f, 0x3e, 0x0, 0x0, 0x7c,
    0xf8, 0x0, 0x0, 0x3f, 0x7c, 0x0, 0x0, 0xfd,
    0xf0, 0x0, 0x0, 0x3f, 0xf8, 0x0, 0x0, 0xff,
    0xe0, 0x0, 0x0, 0x7f, 0xf0, 0x0, 0x1, 0xff,
    0x80, 0x0, 0x0, 0xff, 0xc0, 0x0, 0x3, 0xff,
    0x0, 0x0, 0x1, 0xff, 0x80, 0x0, 0x7, 0xfe,
    0x0, 0x0, 0x3, 0xff, 0x0, 0x0, 0x7, 0xfc,
    0x0, 0x0, 0x3, 0xfe, 0x0, 0x0, 0xf, 0xf0,
    0x0, 0x0, 0x7, 0xf8, 0x0, 0x0, 0x1f, 0xe0,
    0x0, 0x0, 0xf, 0xf0, 0x0, 0x0, 0x3f, 0xc0,
    0x0, 0x0, 0x1f, 0xe0, 0x0, 0x0, 0x7f, 0x80,
    0x0, 0x0, 0x1f, 0xc0, 0x0, 0x0, 0x7f, 0x0,
    0x0, 0x0, 0x3f, 0x80, 0x0, 0x0, 0xfc, 0x0,
    0x0,

    /* U+0058 "X" */
    0x1f, 0xe0, 0x0, 0x0, 0xf, 0xe0, 0xff, 0x0,
    0x0, 0x0, 0x7f, 0x3, 0xfc, 0x0, 0x0, 0x7,
    0xf0, 0xf, 0xe0, 0x0, 0x0, 0x7f, 0x0, 0x7f,
    0x80, 0x0, 0x3, 0xf8, 0x1, 0xfc, 0x0, 0x0,
    0x3f, 0x80, 0xf, 0xf0, 0x0, 0x1, 0xfc, 0x0,
    0x3f, 0xc0, 0x0, 0x1f, 0xc0, 0x0, 0xfe, 0x0,
    0x1, 0xfc, 0x0, 0x7, 0xf8, 0x0, 0xf, 0xe0,
    0x0, 0x1f, 0xc0, 0x0, 0xfe, 0x0, 0x0, 0xff,
    0x0, 0xf, 0xf0, 0x0, 0x3, 0xfc, 0x0, 0x7f,
    0x0, 0x0, 0x1f, 0xe0, 0x7, 0xf0, 0x0, 0x0,
    0x7f, 0x80, 0x3f, 0x80, 0x0, 0x1, 0xfc, 0x3,
    0xf8, 0x0, 0x0, 0xf, 0xf0, 0x3f, 0xc0, 0x0,
    0x0, 0x3f, 0x81, 0xfc, 0x0, 0x0, 0x1, 0xfe,
    0x1f, 0xc0, 0x0, 0x0, 0x7, 0xf9, 0xfe, 0x0,
    0x0, 0x0, 0x1f, 0xcf, 0xe0, 0x0, 0x0, 0x0,
    0xff, 0xfe, 0x0, 0x0, 0x0, 0x3, 0xff, 0xf0,
    0x0, 0x0, 0x0, 0x1f, 0xff, 0x0, 0x0, 0x0,
    0x0, 0x7f, 0xf8, 0x0, 0x0, 0x0, 0x1, 0xff,
    0x80, 0x0, 0x0, 0x0, 0xf, 0xf8, 0x0, 0x0,
    0x0, 0x0, 0x3f, 0xc0, 0x0, 0x0, 0x0, 0x1,
    0xfe, 0x0, 0x0, 0x0, 0x0, 0x1f, 0xf8, 0x0,
    0x0, 0x0, 0x0, 0xff, 0xc0, 0x0, 0x0, 0x0,
    0xf, 0xff, 0x0, 0x0, 0x0, 0x0, 0x7f, 0xf8,
    0x0, 0x0, 0x0, 0x7, 0xff, 0xe0, 0x0, 0x0,
    0x0, 0x7f, 0x7f, 0x80, 0x0, 0x0, 0x3, 0xfb,
    0xfc, 0x0, 0x0, 0x0, 0x3f, 0x8f, 0xf0, 0x0,
    0x0, 0x3, 0xfc, 0x7f, 0x80, 0x0, 0x0, 0x1f,
    0xc1, 0xfe, 0x0, 0x0, 0x1, 0xfe, 0x7, 0xf0,
    0x0, 0x0, 0xf, 0xe0, 0x3f, 0xc0, 0x0, 0x0,
    0xfe, 0x0, 0xff, 0x0, 0x0, 0xf, 0xf0, 0x7,
    0xf8, 0x0, 0x0, 0x7f, 0x0, 0x1f, 0xe0, 0x0,
    0x7, 0xf8, 0x0, 0x7f, 0x0, 0x0, 0x3f, 0x80,
    0x3, 0xfc, 0x0, 0x3, 0xfc, 0x0, 0xf, 0xf0,
    0x0, 0x3f, 0xc0, 0x0, 0x7f, 0x80, 0x1, 0xfc,
    0x0, 0x1, 0xfe, 0x0, 0x1f, 0xe0, 0x0, 0xf,
    0xf0, 0x0, 0xfe, 0x0, 0x0, 0x3f, 0xc0, 0xf,
    0xf0, 0x0, 0x0, 0xff, 0x0, 0xff, 0x0, 0x0,
    0x7, 0xf8, 0x7, 0xf0, 0x0, 0x0, 0x1f, 0xe0,
    0x7f, 0x80, 0x0, 0x0, 0xff, 0x7, 0xf8, 0x0,
    0x0, 0x3, 0xfc, 0x3f, 0xc0, 0x0, 0x0, 0xf,
    0xf3, 0xfc, 0x0, 0x0, 0x0, 0x7f, 0x9f, 0xc0,
    0x0, 0x0, 0x1, 0xfe,

    /* U+0059 "Y" */
    0xff, 0x0, 0x0, 0x0, 0x7, 0xf7, 0xf8, 0x0,
    0x0, 0x0, 0xff, 0x7f, 0x80, 0x0, 0x0, 0xf,
    0xe3, 0xfc, 0x0, 0x0, 0x1, 0xfe, 0x3f, 0xc0,
    0x0, 0x0, 0x1f, 0xc1, 0xfe, 0x0, 0x0, 0x3,
    0xfc, 0xf, 0xe0, 0x0, 0x0, 0x3f, 0x80, 0xff,
    0x0, 0x0, 0x7, 0xf0, 0x7, 0xf0, 0x0, 0x0,
    0x7f, 0x0, 0x7f, 0x80, 0x0, 0xf, 0xe0, 0x3,
    0xf8, 0x0, 0x0, 0xfe, 0x0, 0x3f, 0xc0, 0x0,
    0x1f, 0xc0, 0x1, 0xfc, 0x0, 0x1, 0xfc, 0x0,
    0x1f, 0xe0, 0x0, 0x3f, 0x80, 0x0, 0xfe, 0x0,
    0x7, 0xf8, 0x0, 0xf, 0xf0, 0x0, 0x7f, 0x0,
    0x0, 0x7f, 0x0, 0xf, 0xe0, 0x0, 0x3, 0xf8,
    0x0, 0xfe, 0x0, 0x0, 0x3f, 0xc0, 0x1f, 0xc0,
    0x0, 0x1, 0xfc, 0x1, 0xfc, 0x0, 0x0, 0x1f,
    0xe0, 0x3f, 0x80, 0x0, 0x0, 0xfe, 0x3, 0xf8,
    0x0, 0x0, 0xf, 0xf0, 0x7f, 0x0, 0x0, 0x0,
    0x7f, 0x7, 0xe0, 0x0, 0x0, 0x7, 0xf8, 0xfe,
    0x0, 0x0, 0x0, 0x3f, 0x8f, 0xc0, 0x0, 0x0,
    0x3, 0xf9, 0xfc, 0x0, 0x0, 0x0, 0x1f, 0xdf,
    0x80, 0x0, 0x0, 0x0, 0xff, 0xf8, 0x0, 0x0,
    0x0, 0xf, 0xff, 0x0, 0x0, 0x0, 0x0, 0x7f,
    0xe0, 0x0, 0x0, 0x0, 0x7, 0xfe, 0x0, 0x0,
    0x0, 0x0, 0x3f, 0xc0, 0x0, 0x0, 0x0, 0x3,
    0xfc, 0x0, 0x0, 0x0, 0x0, 0x1f, 0x80, 0x0,
    0x0, 0x0, 0x1, 0xf8, 0x0, 0x0, 0x0, 0x0,
    0x1f, 0x80, 0x0, 0x0, 0x0, 0x1, 0xf8, 0x0,
    0x0, 0x0, 0x0, 0x1f, 0x80, 0x0, 0x0, 0x0,
    0x1, 0xf8, 0x0, 0x0, 0x0, 0x0, 0x1f, 0x80,
    0x0, 0x0, 0x0, 0x1, 0xf8, 0x0, 0x0, 0x0,
    0x0, 0x1f, 0x80, 0x0, 0x0, 0x0, 0x1, 0xf8,
    0x0, 0x0, 0x0, 0x0, 0x1f, 0x80, 0x0, 0x0,
    0x0, 0x1, 0xf8, 0x0, 0x0, 0x0, 0x0, 0x1f,
    0x80, 0x0, 0x0, 0x0, 0x1, 0xf8, 0x0, 0x0,
    0x0, 0x0, 0x1f, 0x80, 0x0, 0x0, 0x0, 0x1,
    0xf8, 0x0, 0x0, 0x0, 0x0, 0x1f, 0x80, 0x0,
    0x0, 0x0, 0x1, 0xf8, 0x0, 0x0, 0x0, 0x0,
    0x1f, 0x80, 0x0, 0x0, 0x0, 0x1, 0xf8, 0x0,
    0x0, 0x0, 0x0, 0x1f, 0x80, 0x0, 0x0, 0x0,
    0x1, 0xf8, 0x0, 0x0, 0x0, 0x0, 0x1f, 0x80,
    0x0, 0x0, 0x0, 0x1, 0xf8, 0x0, 0x0, 0x0,
    0x0, 0x1f, 0x80, 0x0, 0x0, 0x0, 0x1, 0xf8,
    0x0, 0x0,

    /* U+005A "Z" */
    0x1f, 0xff, 0xff, 0xff, 0xfc, 0x3f, 0xff, 0xff,
    0xff, 0xf8, 0x7f, 0xff, 0xff, 0xff, 0xf0, 0xff,
    0xff, 0xff, 0xff, 0xe1, 0xff, 0xff, 0xff, 0xff,
    0xc3, 0xff, 0xff, 0xff, 0xff, 0x87, 0xff, 0xff,
    0xff, 0xff, 0x0, 0x0, 0x0, 0x1, 0xfe, 0x0,
    0x0, 0x0, 0x7, 0xf8, 0x0, 0x0, 0x0, 0x1f,
    0xe0, 0x0, 0x0, 0x0, 0x3f, 0xc0, 0x0, 0x0,
    0x0, 0xff, 0x0, 0x0, 0x0, 0x3, 0xfc, 0x0,
    0x0, 0x0, 0x7, 0xf8, 0x0, 0x0, 0x0, 0x1f,
    0xe0, 0x0, 0x0, 0x0, 0x7f, 0x80, 0x0, 0x0,
    0x0, 0xff, 0x0, 0x0, 0x0, 0x3, 0xfc, 0x0,
    0x0, 0x0, 0xf, 0xf0, 0x0, 0x0, 0x0, 0x1f,
    0xe0, 0x0, 0x0, 0x0, 0x7f, 0x80, 0x0, 0x0,
    0x1, 0xfe, 0x0, 0x0, 0x0, 0x3, 0xfc, 0x0,
    0x0, 0x0, 0xf, 0xf0, 0x0, 0x0, 0x0, 0x3f,
    0xc0, 0x0, 0x0, 0x0, 0xff, 0x80, 0x0, 0x0,
    0x1, 0xfe, 0x0, 0x0, 0x0, 0x7, 0xf8, 0x0,
    0x0, 0x0, 0x1f, 0xf0, 0x0, 0x0, 0x0, 0x3f,
    0xc0, 0x0, 0x0, 0x0, 0xff, 0x0, 0x0, 0x0,
    0x3, 0xfe, 0x0, 0x0, 0x0, 0x7, 0xf8, 0x0,
    0x0, 0x0, 0x1f, 0xe0, 0x0, 0x0, 0x0, 0x7f,
    0xc0, 0x0, 0x0, 0x0, 0xff, 0x0, 0x0, 0x0,
    0x3, 0xfc, 0x0, 0x0, 0x0, 0xf, 0xf8, 0x0,
    0x0, 0x0, 0x1f, 0xe0, 0x0, 0x0, 0x0, 0x7f,
    0x80, 0x0, 0x0, 0x1, 0xff, 0x0, 0x0, 0x0,
    0x3, 0xfc, 0x0, 0x0, 0x0, 0xf, 0xf0, 0x0,
    0x0, 0x0, 0x3f, 0xe0, 0x0, 0x0, 0x0, 0x7f,
    0x80, 0x0, 0x0, 0x1, 0xfe, 0x0, 0x0, 0x0,
    0x7, 0xfc, 0x0, 0x0, 0x0, 0xf, 0xf0, 0x0,
    0x0, 0x0, 0x3f, 0xc0, 0x0, 0x0, 0x0, 0xff,
    0x0, 0x0, 0x0, 0x1, 0xfe, 0x0, 0x0, 0x0,
    0x7, 0xf8, 0x0, 0x0, 0x0, 0xf, 0xff, 0xff,
    0xff, 0xff, 0xff, 0xff, 0xff, 0xff, 0xff, 0xff,
    0xff, 0xff, 0xff, 0xff, 0xff, 0xff, 0xff, 0xff,
    0xff, 0xff, 0xff, 0xff, 0xff, 0xff, 0xff, 0xff,
    0xff, 0xff, 0xff, 0xff, 0xff, 0xff, 0xff, 0xf8,

    /* U+005B "[" */
    0xff, 0xff, 0xff, 0xff, 0xff, 0xff, 0xff, 0xff,
    0xff, 0xff, 0xf0, 0x1f, 0x80, 0xfc, 0x7, 0xe0,
    0x3f, 0x1, 0xf8, 0xf, 0xc0, 0x7e, 0x3, 0xf0,
    0x1f, 0x80, 0xfc, 0x7, 0xe0, 0x3f, 0x1, 0xf8,
    0xf, 0xc0, 0x7e, 0x3, 0xf0, 0x1f, 0x80, 0xfc,
    0x7, 0xe0, 0x3f, 0x1, 0xf8, 0xf, 0xc0, 0x7e,
    0x3, 0xf0, 0x1f, 0x80, 0xfc, 0x7, 0xe0, 0x3f,
    0x1, 0xf8, 0xf, 0xc0, 0x7e, 0x3, 0xf0, 0x1f,
    0x80, 0xfc, 0x7, 0xe0, 0x3f, 0x1, 0xf8, 0xf,
    0xc0, 0x7e, 0x3, 0xf0, 0x1f, 0x80, 0xfc, 0x7,
    0xe0, 0x3f, 0x1, 0xf8, 0xf, 0xc0, 0x7e, 0x3,
    0xf0, 0x1f, 0x80, 0xfc, 0x7, 0xe0, 0x3f, 0x1,
    0xf8, 0xf, 0xc0, 0x7e, 0x3, 0xf0, 0x1f, 0x80,
    0xfc, 0x7, 0xe0, 0x3f, 0x1, 0xf8, 0xf, 0xc0,
    0x7e, 0x3, 0xff, 0xff, 0xff, 0xff, 0xff, 0xff,
    0xff, 0xff, 0xff, 0xf0,

    /* U+005C "\\" */
    0xf8, 0x0, 0x1f, 0x0, 0x3, 0xe0, 0x0, 0x3e,
    0x0, 0x7, 0xc0, 0x0, 0xf8, 0x0, 0x1f, 0x0,
    0x1, 0xe0, 0x0, 0x3e, 0x0, 0x7, 0xc0, 0x0,
    0xf8, 0x0, 0xf, 0x0, 0x1, 0xf0, 0x0, 0x3e,
    0x0, 0x7, 0xc0, 0x0, 0xf8, 0x0, 0xf, 0x0,
    0x1, 0xf0, 0x0, 0x3e, 0x0, 0x7, 0xc0, 0x0,
    0x78, 0x0, 0xf, 0x80, 0x1, 0xf0, 0x0, 0x3e,
    0x0, 0x3, 0xc0, 0x0, 0x7c, 0x0, 0xf, 0x80,
    0x1, 0xf0, 0x0, 0x3e, 0x0, 0x3, 0xc0, 0x0,
    0x7c, 0x0, 0xf, 0x80, 0x1, 0xf0, 0x0, 0x1e,
    0x0, 0x3, 0xe0, 0x0, 0x7c, 0x0, 0xf, 0x80,
    0x1, 0xf0, 0x0, 0x1f, 0x0, 0x3, 0xe0, 0x0,
    0x7c, 0x0, 0xf, 0x80, 0x0, 0xf0, 0x0, 0x1f,
    0x0, 0x3, 0xe0, 0x0, 0x7c, 0x0, 0x7, 0x80,
    0x0, 0xf8, 0x0, 0x1f, 0x0, 0x3, 0xe0, 0x0,
    0x7c, 0x0, 0x7, 0xc0, 0x0, 0xf8, 0x0, 0x1f,
    0x0, 0x3, 0xe0, 0x0, 0x3c, 0x0, 0x7, 0xc0,
    0x0, 0xf8, 0x0, 0x1f, 0x0, 0x1, 0xe0, 0x0,
    0x3e, 0x0, 0x7, 0xc0,

    /* U+005D "]" */
    0xff, 0xff, 0xff, 0xff, 0xff, 0xff, 0xff, 0xff,
    0xff, 0xfc, 0x7, 0xe0, 0x3f, 0x1, 0xf8, 0xf,
    0xc0, 0x7e, 0x3, 0xf0, 0x1f, 0x80, 0xfc, 0x7,
    0xe0, 0x3f, 0x1, 0xf8, 0xf, 0xc0, 0x7e, 0x3,
    0xf0, 0x1f, 0x80, 0xfc, 0x7, 0xe0, 0x3f, 0x1,
    0xf8, 0xf, 0xc0, 0x7e, 0x3, 0xf0, 0x1f, 0x80,
    0xfc, 0x7, 0xe0, 0x3f, 0x1, 0xf8, 0xf, 0xc0,
    0x7e, 0x3, 0xf0, 0x1f, 0x80, 0xfc, 0x7, 0xe0,
    0x3f, 0x1, 0xf8, 0xf, 0xc0, 0x7e, 0x3, 0xf0,
    0x1f, 0x80, 0xfc, 0x7, 0xe0, 0x3f, 0x1, 0xf8,
    0xf, 0xc0, 0x7e, 0x3, 0xf0, 0x1f, 0x80, 0xfc,
    0x7, 0xe0, 0x3f, 0x1, 0xf8, 0xf, 0xc0, 0x7e,
    0x3, 0xf0, 0x1f, 0x80, 0xfc, 0x7, 0xe0, 0x3f,
    0x1, 0xf8, 0xf, 0xc0, 0x7e, 0x3, 0xf0, 0x1f,
    0x80, 0xff, 0xff, 0xff, 0xff, 0xff, 0xff, 0xff,
    0xff, 0xff, 0xff, 0xf0,

    /* U+005E "^" */
    0x0, 0xf, 0x0, 0x0, 0x1, 0xf8, 0x0, 0x0,
    0x1f, 0x80, 0x0, 0x3, 0xf8, 0x0, 0x0, 0x3f,
    0xc0, 0x0, 0x3, 0xfc, 0x0, 0x0, 0x7f, 0xe0,
    0x0, 0x7, 0xfe, 0x0, 0x0, 0x7f, 0xe0, 0x0,
    0xf, 0xff, 0x0, 0x0, 0xf9, 0xf0, 0x0, 0xf,
    0x9f, 0x0, 0x1, 0xf9, 0xf8, 0x0, 0x1f, 0xf,
    0x80, 0x1, 0xf0, 0xf8, 0x0, 0x3f, 0xf, 0xc0,
    0x3, 0xe0, 0x7c, 0x0, 0x7e, 0x7, 0xe0, 0x7,
    0xe0, 0x7e, 0x0, 0x7c, 0x3, 0xe0, 0xf, 0xc0,
    0x3f, 0x0, 0xfc, 0x3, 0xf0, 0xf, 0x80, 0x1f,
    0x1, 0xf8, 0x1, 0xf8, 0x1f, 0x80, 0x1f, 0x81,
    0xf0, 0x0, 0xf8, 0x3f, 0x0, 0xf, 0xc3, 0xf0,
    0x0, 0xfc, 0x7e, 0x0, 0x7, 0xe7, 0xe0, 0x0,
    0x7e, 0x7e, 0x0, 0x7, 0xef, 0xc0, 0x0, 0x3f,
    0xfc, 0x0, 0x3, 0xf0,

    /* U+005F "_" */
    0xff, 0xff, 0xff, 0xff, 0xff, 0xff, 0xff, 0xff,
    0xff, 0xff, 0xff, 0xff, 0xff, 0xff, 0xff, 0xff,
    0xff, 0xff, 0xff, 0xf0,

    /* U+0060 "`" */
    0xff, 0x7, 0xf8, 0x3f, 0x83, 0xf8, 0x1f, 0xc0,
    0xfc, 0xf, 0xe0, 0x7e, 0x3, 0xe0, 0x1f, 0x1,
    0xf0,

    /* U+0061 "a" */
    0x0, 0xf, 0xfc, 0x0, 0x0, 0x3f, 0xff, 0xc0,
    0x0, 0x7f, 0xff, 0xf8, 0x0, 0x7f, 0xff, 0xfe,
    0x0, 0x7f, 0xff, 0xff, 0x80, 0x7f, 0xff, 0xff,
    0xc0, 0x7f, 0xc0, 0x3f, 0xf0, 0x3f, 0x80, 0x7,
    0xf8, 0x3f, 0x80, 0x1, 0xfc, 0x1f, 0x80, 0x0,
    0x7f, 0xf, 0xc0, 0x0, 0x3f, 0x8f, 0xc0, 0x0,
    0xf, 0xc7, 0xe0, 0x0, 0x7, 0xe0, 0xf0, 0x0,
    0x3, 0xf0, 0x0, 0x0, 0x1, 0xf8, 0x0, 0x0,
    0x0, 0xfc, 0x0, 0x0, 0x0, 0x7e, 0x0, 0x0,
    0x1, 0xff, 0x0, 0x0, 0xf, 0xff, 0x80, 0x1,
    0xff, 0xff, 0xc0, 0xf, 0xff, 0xff, 0xe0, 0x1f,
    0xff, 0xff, 0xf0, 0x3f, 0xff, 0xff, 0xf8, 0x3f,
    0xff, 0xf8, 0xfc, 0x1f, 0xff, 0x80, 0x7e, 0x1f,
    0xf8, 0x0, 0x3f, 0x1f, 0xe0, 0x0, 0x1f, 0x8f,
    0xe0, 0x0, 0xf, 0xc7, 0xe0, 0x0, 0x7, 0xe7,
    0xf0, 0x0, 0x3, 0xf3, 0xf0, 0x0, 0x3, 0xf9,
    0xf8, 0x0, 0x1, 0xfc, 0xfc, 0x0, 0x0, 0xfe,
    0x7e, 0x0, 0x0, 0xff, 0x3f, 0x0, 0x0, 0x7f,
    0x9f, 0xc0, 0x0, 0x7f, 0xcf, 0xe0, 0x0, 0x7f,
    0xe3, 0xf8, 0x0, 0xff, 0xf1, 0xff, 0x1, 0xff,
    0xf8, 0x7f, 0xff, 0xff, 0x7c, 0x3f, 0xff, 0xff,
    0x3f, 0xf, 0xff, 0xfe, 0x1f, 0x83, 0xff, 0xfe,
    0xf, 0xc0, 0x7f, 0xfc, 0x7, 0xf0, 0xf, 0xf0,
    0x0, 0x0,

    /* U+0062 "b" */
    0xfc, 0x0, 0x0, 0x1, 0xf8, 0x0, 0x0, 0x3,
    0xf0, 0x0, 0x0, 0x7, 0xe0, 0x0, 0x0, 0xf,
    0xc0, 0x0, 0x0, 0x1f, 0x80, 0x0, 0x0, 0x3f,
    0x0, 0x0, 0x0, 0x7e, 0x0, 0x0, 0x0, 0xfc,
    0x0, 0x0, 0x1, 0xf8, 0x0, 0x0, 0x3, 0xf0,
    0x0, 0x0, 0x7, 0xe0, 0x0, 0x0, 0xf, 0xc0,
    0x0, 0x0, 0x1f, 0x80, 0x0, 0x0, 0x3f, 0x0,
    0x0, 0x0, 0x7e, 0x3, 0xf0, 0x0, 0xfc, 0x3f,
    0xfc, 0x1, 0xf8, 0xff, 0xfc, 0x3, 0xf3, 0xff,
    0xfe, 0x7, 0xef, 0xff, 0xfe, 0xf, 0xff, 0xff,
    0xfc, 0x1f, 0xff, 0x7, 0xfc, 0x3f, 0xf8, 0x3,
    0xfc, 0x7f, 0xe0, 0x3, 0xf8, 0xff, 0x80, 0x3,
    0xf9, 0xfe, 0x0, 0x7, 0xf3, 0xfc, 0x0, 0x7,
    0xe7, 0xf0, 0x0, 0xf, 0xef, 0xe0, 0x0, 0xf,
    0xdf, 0xc0, 0x0, 0x1f, 0xbf, 0x0, 0x0, 0x3f,
    0x7e, 0x0, 0x0, 0x3f, 0xfc, 0x0, 0x0, 0x7f,
    0xf8, 0x0, 0x0, 0xff, 0xf0, 0x0, 0x1, 0xff,
    0xe0, 0x0, 0x3, 0xff, 0xc0, 0x0, 0x7, 0xff,
    0x80, 0x0, 0xf, 0xff, 0x0, 0x0, 0x1f, 0xfe,
    0x0, 0x0, 0x3f, 0xfc, 0x0, 0x0, 0x7f, 0xf8,
    0x0, 0x0, 0xff, 0xf0, 0x0, 0x1, 0xff, 0xe0,
    0x0, 0x7, 0xff, 0xc0, 0x0, 0xf, 0xdf, 0x80,
    0x0, 0x1f, 0xbf, 0x80, 0x0, 0x3f, 0x7f, 0x0,
    0x0, 0xfe, 0xfe, 0x0, 0x1, 0xf9, 0xfe, 0x0,
    0x7, 0xf3, 0xfe, 0x0, 0xf, 0xe7, 0xfc, 0x0,
    0x3f, 0x8f, 0xfe, 0x0, 0xfe, 0x1f, 0xff, 0x7,
    0xfc, 0x3f, 0xff, 0xff, 0xf0, 0x7e, 0xff, 0xff,
    0xc0, 0xfc, 0xff, 0xff, 0x1, 0xf8, 0xff, 0xfc,
    0x3, 0xf0, 0xff, 0xe0, 0x0, 0x0, 0x7f, 0x0,
    0x0,

    /* U+0063 "c" */
    0x0, 0xf, 0xf0, 0x0, 0x0, 0xff, 0xfc, 0x0,
    0x3, 0xff, 0xfc, 0x0, 0xf, 0xff, 0xfc, 0x0,
    0x7f, 0xff, 0xfc, 0x0, 0xff, 0xff, 0xfc, 0x3,
    0xfe, 0x7, 0xfc, 0xf, 0xf0, 0x3, 0xf8, 0x1f,
    0xc0, 0x3, 0xf8, 0x7f, 0x0, 0x7, 0xf0, 0xfe,
    0x0, 0x7, 0xe3, 0xf8, 0x0, 0xf, 0xe7, 0xe0,
    0x0, 0xf, 0xcf, 0xc0, 0x0, 0x1f, 0x9f, 0x80,
    0x0, 0x20, 0x7f, 0x0, 0x0, 0x0, 0xfc, 0x0,
    0x0, 0x1, 0xf8, 0x0, 0x0, 0x3, 0xf0, 0x0,
    0x0, 0x7, 0xe0, 0x0, 0x0, 0xf, 0xc0, 0x0,
    0x0, 0x1f, 0x80, 0x0, 0x0, 0x3f, 0x0, 0x0,
    0x0, 0x7e, 0x0, 0x0, 0x0, 0xfc, 0x0, 0x0,
    0x1, 0xf8, 0x0, 0x0, 0x3, 0xf0, 0x0, 0x0,
    0x7, 0xe0, 0x0, 0x0, 0xf, 0xc0, 0x0, 0x4,
    0x1f, 0xc0, 0x0, 0xf, 0xdf, 0x80, 0x0, 0x3f,
    0x3f, 0x0, 0x0, 0x7e, 0x7e, 0x0, 0x0, 0xfc,
    0xfe, 0x0, 0x3, 0xf8, 0xfc, 0x0, 0x7, 0xe1,
    0xfc, 0x0, 0x1f, 0xc1, 0xfc, 0x0, 0x3f, 0x83,
    0xfc, 0x1, 0xfe, 0x3, 0xfe, 0x7, 0xfc, 0x3,
    0xff, 0xff, 0xf0, 0x7, 0xff, 0xff, 0xc0, 0x7,
    0xff, 0xff, 0x0, 0x3, 0xff, 0xfc, 0x0, 0x3,
    0xff, 0xe0, 0x0, 0x0, 0xff, 0x0, 0x0,

    /* U+0064 "d" */
    0x0, 0x0, 0x0, 0x7e, 0x0, 0x0, 0x0, 0xfc,
    0x0, 0x0, 0x1, 0xf8, 0x0, 0x0, 0x3, 0xf0,
    0x0, 0x0, 0x7, 0xe0, 0x0, 0x0, 0xf, 0xc0,
    0x0, 0x0, 0x1f, 0x80, 0x0, 0x0, 0x3f, 0x0,
    0x0, 0x0, 0x7e, 0x0, 0x0, 0x0, 0xfc, 0x0,
    0x0, 0x1, 0xf8, 0x0, 0x0, 0x3, 0xf0, 0x0,
    0x0, 0x7, 0xe0, 0x0, 0x0, 0xf, 0xc0, 0x0,
    0x0, 0x1f, 0x80, 0x7, 0xe0, 0x3f, 0x0, 0x7f,
    0xf8, 0x7e, 0x3, 0xff, 0xf8, 0xfc, 0xf, 0xff,
    0xf9, 0xf8, 0x3f, 0xff, 0xfb, 0xf0, 0x7f, 0xff,
    0xff, 0xe1, 0xff, 0x7, 0xff, 0xc7, 0xf8, 0x3,
    0xff, 0x8f, 0xe0, 0x3, 0xff, 0x3f, 0x80, 0x3,
    0xfe, 0x7e, 0x0, 0x3, 0xfc, 0xfc, 0x0, 0x7,
    0xfb, 0xf0, 0x0, 0x7, 0xf7, 0xe0, 0x0, 0xf,
    0xef, 0xc0, 0x0, 0x1f, 0xdf, 0x80, 0x0, 0x1f,
    0xfe, 0x0, 0x0, 0x3f, 0xfc, 0x0, 0x0, 0x7f,
    0xf8, 0x0, 0x0, 0xff, 0xf0, 0x0, 0x1, 0xff,
    0xe0, 0x0, 0x3, 0xff, 0xc0, 0x0, 0x7, 0xff,
    0x80, 0x0, 0xf, 0xff, 0x0, 0x0, 0x1f, 0xfe,
    0x0, 0x0, 0x3f, 0xfc, 0x0, 0x0, 0x7f, 0xf8,
    0x0, 0x0, 0xff, 0xf0, 0x0, 0x1, 0xff, 0xe0,
    0x0, 0x3, 0xf7, 0xe0, 0x0, 0x7, 0xef, 0xc0,
    0x0, 0xf, 0xdf, 0x80, 0x0, 0x3f, 0xbf, 0x80,
    0x0, 0x7f, 0x3f, 0x0, 0x0, 0xfe, 0x7f, 0x0,
    0x3, 0xfc, 0xfe, 0x0, 0xf, 0xf8, 0xfe, 0x0,
    0x3f, 0xf1, 0xfe, 0x0, 0xff, 0xe1, 0xff, 0x7,
    0xff, 0xc1, 0xff, 0xff, 0xff, 0x81, 0xff, 0xff,
    0xbf, 0x1, 0xff, 0xfe, 0x7e, 0x1, 0xff, 0xf8,
    0xfc, 0x0, 0xff, 0xe1, 0xf8, 0x0, 0x7f, 0x0,
    0x0,

    /* U+0065 "e" */
    0x0, 0x7, 0xf0, 0x0, 0x0, 0x1f, 0xff, 0x0,
    0x0, 0x3f, 0xff, 0xe0, 0x0, 0x3f, 0xff, 0xf8,
    0x0, 0x3f, 0xff, 0xfe, 0x0, 0x3f, 0xff, 0xff,
    0x80, 0x3f, 0xe0, 0x7f, 0xe0, 0x1f, 0xc0, 0xf,
    0xf0, 0x1f, 0xc0, 0x3, 0xfc, 0x1f, 0xc0, 0x0,
    0xfe, 0xf, 0xc0, 0x0, 0x3f, 0x87, 0xe0, 0x0,
    0xf, 0xc7, 0xe0, 0x0, 0x7, 0xe3, 0xf0, 0x0,
    0x3, 0xf9, 0xf8, 0x0, 0x0, 0xfc, 0xf8, 0x0,
    0x0, 0x7e, 0xfc, 0x0, 0x0, 0x3f, 0x7e, 0x0,
    0x0, 0x1f, 0xbf, 0xff, 0xff, 0xff, 0xdf, 0xff,
    0xff, 0xff, 0xef, 0xff, 0xff, 0xff, 0xf7, 0xff,
    0xff, 0xff, 0xfb, 0xff, 0xff, 0xff, 0xff, 0xff,
    0xff, 0xff, 0xff, 0xfc, 0x0, 0x0, 0x0, 0x7e,
    0x0, 0x0, 0x0, 0x3f, 0x0, 0x0, 0x0, 0x1f,
    0x80, 0x0, 0x0, 0xf, 0xc0, 0x0, 0x0, 0x7,
    0xf0, 0x0, 0x0, 0x1, 0xf8, 0x0, 0x0, 0xf0,
    0xfc, 0x0, 0x0, 0x7e, 0x7e, 0x0, 0x0, 0x7f,
    0x3f, 0x80, 0x0, 0x3f, 0x8f, 0xe0, 0x0, 0x3f,
    0x87, 0xf0, 0x0, 0x3f, 0xc1, 0xfc, 0x0, 0x1f,
    0xc0, 0xff, 0x80, 0x3f, 0xe0, 0x3f, 0xf0, 0x7f,
    0xe0, 0xf, 0xff, 0xff, 0xf0, 0x3, 0xff, 0xff,
    0xf0, 0x0, 0xff, 0xff, 0xf0, 0x0, 0x3f, 0xff,
    0xe0, 0x0, 0x7, 0xff, 0xe0, 0x0, 0x0, 0xff,
    0x80, 0x0,

    /* U+0066 "f" */
    0x0, 0x1f, 0xf0, 0x3, 0xff, 0x80, 0x3f, 0xfc,
    0x3, 0xff, 0xe0, 0x3f, 0xff, 0x1, 0xff, 0xf8,
    0xf, 0xe0, 0x0, 0xfe, 0x0, 0x7, 0xf0, 0x0,
    0x3f, 0x0, 0x1, 0xf8, 0x0, 0xf, 0xc0, 0x0,
    0x7e, 0x0, 0x3, 0xf0, 0x0, 0x1f, 0x80, 0x0,
    0xfc, 0x0, 0x7, 0xe0, 0x7, 0xff, 0xfe, 0x3f,
    0xff, 0xf1, 0xff, 0xff, 0x8f, 0xff, 0xfc, 0x7f,
    0xff, 0xe3, 0xff, 0xff, 0x0, 0xfc, 0x0, 0x7,
    0xe0, 0x0, 0x3f, 0x0, 0x1, 0xf8, 0x0, 0xf,
    0xc0, 0x0, 0x7e, 0x0, 0x3, 0xf0, 0x0, 0x1f,
    0x80, 0x0, 0xfc, 0x0, 0x7, 0xe0, 0x0, 0x3f,
    0x0, 0x1, 0xf8, 0x0, 0xf, 0xc0, 0x0, 0x7e,
    0x0, 0x3, 0xf0, 0x0, 0x1f, 0x80, 0x0, 0xfc,
    0x0, 0x7, 0xe0, 0x0, 0x3f, 0x0, 0x1, 0xf8,
    0x0, 0xf, 0xc0, 0x0, 0x7e, 0x0, 0x3, 0xf0,
    0x0, 0x1f, 0x80, 0x0, 0xfc, 0x0, 0x7, 0xe0,
    0x0, 0x3f, 0x0, 0x1, 0xf8, 0x0, 0xf, 0xc0,
    0x0, 0x7e, 0x0, 0x3, 0xf0, 0x0, 0x1f, 0x80,
    0x0, 0xfc, 0x0, 0x7, 0xe0, 0x0, 0x3f, 0x0,
    0x1, 0xf8, 0x0, 0xf, 0xc0, 0x0, 0x7e, 0x0,
    0x0,

    /* U+0067 "g" */
    0x0, 0x1f, 0xc0, 0x0, 0x0, 0xff, 0xf0, 0xfc,
    0x7, 0xff, 0xf1, 0xf8, 0x1f, 0xff, 0xf3, 0xf0,
    0x7f, 0xff, 0xf7, 0xe1, 0xff, 0xff, 0xff, 0xc3,
    0xfe, 0xf, 0xff, 0x8f, 0xf0, 0x7, 0xff, 0x1f,
    0xc0, 0x7, 0xfe, 0x7f, 0x0, 0x7, 0xfc, 0xfc,
    0x0, 0x7, 0xf9, 0xf8, 0x0, 0xf, 0xf7, 0xe0,
    0x0, 0xf, 0xef, 0xc0, 0x0, 0x1f, 0xdf, 0x80,
    0x0, 0x3f, 0xbf, 0x0, 0x0, 0x7f, 0xfc, 0x0,
    0x0, 0x7f, 0xf8, 0x0, 0x0, 0xff, 0xf0, 0x0,
    0x1, 0xff, 0xe0, 0x0, 0x3, 0xff, 0xc0, 0x0,
    0x7, 0xff, 0x80, 0x0, 0xf, 0xff, 0x0, 0x0,
    0x1f, 0xfe, 0x0, 0x0, 0x3f, 0xfc, 0x0, 0x0,
    0x7f, 0xf8, 0x0, 0x0, 0xff, 0xf0, 0x0, 0x1,
    0xff, 0xe0, 0x0, 0x3, 0xff, 0xe0, 0x0, 0x7,
    0xef, 0xc0, 0x0, 0x1f, 0xdf, 0x80, 0x0, 0x3f,
    0xbf, 0x0, 0x0, 0x7f, 0x7f, 0x0, 0x1, 0xfe,
    0x7e, 0x0, 0x3, 0xfc, 0xfe, 0x0, 0xf, 0xf8,
    0xfe, 0x0, 0x3f, 0xf1, 0xfe, 0x0, 0xff, 0xe1,
    0xff, 0x7, 0xff, 0xc1, 0xff, 0xff, 0xff, 0x83,
    0xff, 0xff, 0xbf, 0x3, 0xff, 0xfe, 0x7e, 0x3,
    0xff, 0xf8, 0xfc, 0x1, 0xff, 0xc3, 0xf8, 0x0,
    0xfe, 0x7, 0xf0, 0x0, 0x0, 0xf, 0xe0, 0x0,
    0x0, 0x1f, 0xc0, 0x0, 0x0, 0x3f, 0x80, 0x0,
    0x0, 0x7e, 0x7e, 0x0, 0x0, 0xfc, 0xfc, 0x0,
    0x3, 0xf9, 0xf8, 0x0, 0x7, 0xf3, 0xf8, 0x0,
    0x1f, 0xe3, 0xf0, 0x0, 0x3f, 0x87, 0xf0, 0x1,
    0xff, 0x7, 0xf8, 0xf, 0xfc, 0xf, 0xff, 0xff,
    0xf0, 0xf, 0xff, 0xff, 0xe0, 0xf, 0xff, 0xff,
    0x80, 0xf, 0xff, 0xfc, 0x0, 0x7, 0xff, 0xe0,
    0x0, 0x3, 0xfe, 0x0, 0x0,

    /* U+0068 "h" */
    0xfc, 0x0, 0x0, 0x7, 0xe0, 0x0, 0x0, 0x3f,
    0x0, 0x0, 0x1, 0xf8, 0x0, 0x0, 0xf, 0xc0,
    0x0, 0x0, 0x7e, 0x0, 0x0, 0x3, 0xf0, 0x0,
    0x0, 0x1f, 0x80, 0x0, 0x0, 0xfc, 0x0, 0x0,
    0x7, 0xe0, 0x0, 0x0, 0x3f, 0x0, 0x0, 0x1,
    0xf8, 0x0, 0x0, 0xf, 0xc0, 0x0, 0x0, 0x7e,
    0x0, 0x0, 0x3, 0xf0, 0x0, 0x0, 0x1f, 0x80,
    0xff, 0x0, 0xfc, 0x1f, 0xfe, 0x7, 0xe3, 0xff,
    0xfc, 0x3f, 0x3f, 0xff, 0xf1, 0xfb, 0xff, 0xff,
    0x8f, 0xff, 0xff, 0xfe, 0x7f, 0xfc, 0x1f, 0xf3,
    0xff, 0x80, 0x3f, 0xdf, 0xf0, 0x0, 0xfe, 0xff,
    0x0, 0x3, 0xf7, 0xf8, 0x0, 0x1f, 0xff, 0x80,
    0x0, 0xff, 0xfc, 0x0, 0x3, 0xff, 0xe0, 0x0,
    0x1f, 0xfe, 0x0, 0x0, 0xff, 0xf0, 0x0, 0x7,
    0xff, 0x80, 0x0, 0x3f, 0xfc, 0x0, 0x1, 0xff,
    0xe0, 0x0, 0xf, 0xff, 0x0, 0x0, 0x7f, 0xf8,
    0x0, 0x3, 0xff, 0xc0, 0x0, 0x1f, 0xfe, 0x0,
    0x0, 0xff, 0xf0, 0x0, 0x7, 0xff, 0x80, 0x0,
    0x3f, 0xfc, 0x0, 0x1, 0xff, 0xe0, 0x0, 0xf,
    0xff, 0x0, 0x0, 0x7f, 0xf8, 0x0, 0x3, 0xff,
    0xc0, 0x0, 0x1f, 0xfe, 0x0, 0x0, 0xff, 0xf0,
    0x0, 0x7, 0xff, 0x80, 0x0, 0x3f, 0xfc, 0x0,
    0x1, 0xff, 0xe0, 0x0, 0xf, 0xff, 0x0, 0x0,
    0x7f, 0xf8, 0x0, 0x3, 0xff, 0xc0, 0x0, 0x1f,
    0xfe, 0x0, 0x0, 0xff, 0xf0, 0x0, 0x7, 0xff,
    0x80, 0x0, 0x3f, 0xfc, 0x0, 0x1, 0xff, 0xe0,
    0x0, 0xf, 0xff, 0x0, 0x0, 0x7e,

    /* U+0069 "i" */
    0xff, 0xff, 0xff, 0xff, 0xff, 0xff, 0x0, 0x0,
    0x0, 0x0, 0x0, 0x0, 0xff, 0xff, 0xff, 0xff,
    0xff, 0xff, 0xff, 0xff, 0xff, 0xff, 0xff, 0xff,
    0xff, 0xff, 0xff, 0xff, 0xff, 0xff, 0xff, 0xff,
    0xff, 0xff, 0xff, 0xff, 0xff, 0xff, 0xff, 0xff,
    0xff, 0xff, 0xff, 0xff, 0xc0,

    /* U+006A "j" */
    0x0, 0xfc, 0x3, 0xf0, 0xf, 0xc0, 0x3f, 0x0,
    0xfc, 0x3, 0xf0, 0xf, 0xc0, 0x3f, 0x0, 0x0,
    0x0, 0x0, 0x0, 0x0, 0x0, 0x0, 0x0, 0x0,
    0x0, 0x0, 0x0, 0x0, 0x0, 0xfc, 0x3, 0xf0,
    0xf, 0xc0, 0x3f, 0x0, 0xfc, 0x3, 0xf0, 0xf,
    0xc0, 0x3f, 0x0, 0xfc, 0x3, 0xf0, 0xf, 0xc0,
    0x3f, 0x0, 0xfc, 0x3, 0xf0, 0xf, 0xc0, 0x3f,
    0x0, 0xfc, 0x3, 0xf0, 0xf, 0xc0, 0x3f, 0x0,
    0xfc, 0x3, 0xf0, 0xf, 0xc0, 0x3f, 0x0, 0xfc,
    0x3, 0xf0, 0xf, 0xc0, 0x3f, 0x0, 0xfc, 0x3,
    0xf0, 0xf, 0xc0, 0x3f, 0x0, 0xfc, 0x3, 0xf0,
    0xf, 0xc0, 0x3f, 0x0, 0xfc, 0x3, 0xf0, 0xf,
    0xc0, 0x3f, 0x0, 0xfc, 0x3, 0xf0, 0xf, 0xc0,
    0x3f, 0x0, 0xfc, 0x3, 0xf0, 0xf, 0xc0, 0x3f,
    0x0, 0xfc, 0x3, 0xf0, 0xf, 0xc0, 0x3f, 0x1,
    0xfc, 0x7, 0xe0, 0x3f, 0x9f, 0xfe, 0x7f, 0xf1,
    0xff, 0xc7, 0xfe, 0x1f, 0xf0, 0x7f, 0x0,

    /* U+006B "k" */
    0xfc, 0x0, 0x0, 0x7, 0xe0, 0x0, 0x0, 0x3f,
    0x0, 0x0, 0x1, 0xf8, 0x0, 0x0, 0xf, 0xc0,
    0x0, 0x0, 0x7e, 0x0, 0x0, 0x3, 0xf0, 0x0,
    0x0, 0x1f, 0x80, 0x0, 0x0, 0xfc, 0x0, 0x0,
    0x7, 0xe0, 0x0, 0x0, 0x3f, 0x0, 0x0, 0x1,
    0xf8, 0x0, 0x0, 0xf, 0xc0, 0x0, 0x0, 0x7e,
    0x0, 0x0, 0x3, 0xf0, 0x0, 0x0, 0x1f, 0x80,
    0x0, 0x0, 0xfc, 0x0, 0xf, 0xf7, 0xe0, 0x0,
    0xff, 0x3f, 0x0, 0xf, 0xf1, 0xf8, 0x0, 0xff,
    0xf, 0xc0, 0x7, 0xf0, 0x7e, 0x0, 0x7f, 0x3,
    0xf0, 0x7, 0xf0, 0x1f, 0x80, 0x7f, 0x80, 0xfc,
    0x7, 0xf8, 0x7, 0xe0, 0x7f, 0x80, 0x3f, 0x3,
    0xf8, 0x1, 0xf8, 0x3f, 0x80, 0xf, 0xc3, 0xf8,
    0x0, 0x7e, 0x3f, 0xc0, 0x3, 0xf3, 0xfc, 0x0,
    0x1f, 0x9f, 0xc0, 0x0, 0xfd, 0xfe, 0x0, 0x7,
    0xff, 0xf0, 0x0, 0x3f, 0xff, 0xc0, 0x1, 0xff,
    0xfe, 0x0, 0xf, 0xff, 0xf8, 0x0, 0x7f, 0xff,
    0xc0, 0x3, 0xfe, 0x7f, 0x0, 0x1f, 0xe1, 0xfc,
    0x0, 0xfe, 0xf, 0xe0, 0x7, 0xe0, 0x3f, 0x80,
    0x3f, 0x1, 0xfc, 0x1, 0xf8, 0x7, 0xf0, 0xf,
    0xc0, 0x3f, 0x80, 0x7e, 0x0, 0xfe, 0x3, 0xf0,
    0x7, 0xf0, 0x1f, 0x80, 0x1f, 0xc0, 0xfc, 0x0,
    0xfe, 0x7, 0xe0, 0x3, 0xf8, 0x3f, 0x0, 0x1f,
    0xe1, 0xf8, 0x0, 0x7f, 0xf, 0xc0, 0x3, 0xfc,
    0x7e, 0x0, 0xf, 0xe3, 0xf0, 0x0, 0x3f, 0x9f,
    0x80, 0x1, 0xfc, 0xfc, 0x0, 0x7, 0xf7, 0xe0,
    0x0, 0x3f, 0xbf, 0x0, 0x0, 0xfe,

    /* U+006C "l" */
    0xff, 0xff, 0xff, 0xff, 0xff, 0xff, 0xff, 0xff,
    0xff, 0xff, 0xff, 0xff, 0xff, 0xff, 0xff, 0xff,
    0xff, 0xff, 0xff, 0xff, 0xff, 0xff, 0xff, 0xff,
    0xff, 0xff, 0xff, 0xff, 0xff, 0xff, 0xff, 0xff,
    0xff, 0xff, 0xff, 0xff, 0xff, 0xff, 0xff, 0xff,
    0xff, 0xff, 0xff, 0xff, 0xc0,

    /* U+006D "m" */
    0x0, 0x7, 0xf0, 0x0, 0x3f, 0x80, 0xf8, 0x3f,
    0xfc, 0x1, 0xff, 0xe0, 0xf8, 0x7f, 0xfe, 0x3,
    0xff, 0xf0, 0xf8, 0xff, 0xff, 0x7, 0xff, 0xf8,
    0xf9, 0xff, 0xff, 0x8f, 0xff, 0xfc, 0xfb, 0xff,
    0xff, 0x9f, 0xff, 0xfc, 0xff, 0xf0, 0x7f, 0xff,
    0x83, 0xfe, 0xff, 0xc0, 0x1f, 0xfe, 0x0, 0xfe,
    0xff, 0x80, 0xf, 0xfc, 0x0, 0x7e, 0xff, 0x0,
    0xf, 0xf8, 0x0, 0x7f, 0xff, 0x0, 0xf, 0xf8,
    0x0, 0x7f, 0xfe, 0x0, 0x7, 0xf0, 0x0, 0x3f,
    0xfe, 0x0, 0x7, 0xf0, 0x0, 0x3f, 0xfe, 0x0,
    0x7, 0xf0, 0x0, 0x3f, 0xfc, 0x0, 0x7, 0xe0,
    0x0, 0x3f, 0xfc, 0x0, 0x7, 0xe0, 0x0, 0x3f,
    0xfc, 0x0, 0x7, 0xe0, 0x0, 0x3f, 0xfc, 0x0,
    0x7, 0xe0, 0x0, 0x3f, 0xfc, 0x0, 0x7, 0xe0,
    0x0, 0x3f, 0xfc, 0x0, 0x7, 0xe0, 0x0, 0x3f,
    0xfc, 0x0, 0x7, 0xe0, 0x0, 0x3f, 0xfc, 0x0,
    0x7, 0xe0, 0x0, 0x3f, 0xfc, 0x0, 0x7, 0xe0,
    0x0, 0x3f, 0xfc, 0x0, 0x7, 0xe0, 0x0, 0x3f,
    0xfc, 0x0, 0x7, 0xe0, 0x0, 0x3f, 0xfc, 0x0,
    0x7, 0xe0, 0x0, 0x3f, 0xfc, 0x0, 0x7, 0xe0,
    0x0, 0x3f, 0xfc, 0x0, 0x7, 0xe0, 0x0, 0x3f,
    0xfc, 0x0, 0x7, 0xe0, 0x0, 0x3f, 0xfc, 0x0,
    0x7, 0xe0, 0x0, 0x3f, 0xfc, 0x0, 0x7, 0xe0,
    0x0, 0x3f, 0xfc, 0x0, 0x7, 0xe0, 0x0, 0x3f,
    0xfc, 0x0, 0x7, 0xe0, 0x0, 0x3f, 0xfc, 0x0,
    0x7, 0xe0, 0x0, 0x3f, 0xfc, 0x0, 0x7, 0xe0,
    0x0, 0x3f, 0xfc, 0x0, 0x7, 0xe0, 0x0, 0x3f,
    0xfc, 0x0, 0x7, 0xe0, 0x0, 0x3f, 0xfc, 0x0,
    0x7, 0xe0, 0x0, 0x3f, 0xfc, 0x0, 0x7, 0xe0,
    0x0, 0x3f, 0xfc, 0x0, 0x7, 0xe0, 0x0, 0x3f,
    0xfc, 0x0, 0x7, 0xe0, 0x0, 0x3f, 0xfc, 0x0,
    0x7, 0xe0, 0x0, 0x3f, 0xfc, 0x0, 0x7, 0xe0,
    0x0, 0x3f, 0xfc, 0x0, 0x7, 0xe0, 0x0, 0x3f,

    /* U+006E "n" */
    0x0, 0x7, 0xf0, 0x7, 0xc0, 0xff, 0xf0, 0x3e,
    0x1f, 0xff, 0xc1, 0xf1, 0xff, 0xff, 0x8f, 0x9f,
    0xff, 0xfc, 0x7d, 0xff, 0xff, 0xf3, 0xef, 0xc0,
    0xff, 0x9f, 0xf8, 0x1, 0xfe, 0xff, 0x80, 0x7,
    0xf7, 0xf8, 0x0, 0x1f, 0xbf, 0xc0, 0x0, 0xff,
    0xfc, 0x0, 0x7, 0xff, 0xe0, 0x0, 0x1f, 0xff,
    0x0, 0x0, 0xff, 0xf0, 0x0, 0x7, 0xff, 0x80,
    0x0, 0x3f, 0xfc, 0x0, 0x1, 0xff, 0xe0, 0x0,
    0xf, 0xff, 0x0, 0x0, 0x7f, 0xf8, 0x0, 0x3,
    0xff, 0xc0, 0x0, 0x1f, 0xfe, 0x0, 0x0, 0xff,
    0xf0, 0x0, 0x7, 0xff, 0x80, 0x0, 0x3f, 0xfc,
    0x0, 0x1, 0xff, 0xe0, 0x0, 0xf, 0xff, 0x0,
    0x0, 0x7f, 0xf8, 0x0, 0x3, 0xff, 0xc0, 0x0,
    0x1f, 0xfe, 0x0, 0x0, 0xff, 0xf0, 0x0, 0x7,
    0xff, 0x80, 0x0, 0x3f, 0xfc, 0x0, 0x1, 0xff,
    0xe0, 0x0, 0xf, 0xff, 0x0, 0x0, 0x7f, 0xf8,
    0x0, 0x3, 0xff, 0xc0, 0x0, 0x1f, 0xfe, 0x0,
    0x0, 0xff, 0xf0, 0x0, 0x7, 0xff, 0x80, 0x0,
    0x3f, 0xfc, 0x0, 0x1, 0xff, 0xe0, 0x0, 0xf,
    0xff, 0x0, 0x0, 0x7f, 0xf8, 0x0, 0x3, 0xf0,

    /* U+006F "o" */
    0x0, 0x7, 0xf0, 0x0, 0x0, 0x1f, 0xff, 0x0,
    0x0, 0x3f, 0xff, 0xe0, 0x0, 0x3f, 0xff, 0xf8,
    0x0, 0x3f, 0xff, 0xfe, 0x0, 0x3f, 0xff, 0xff,
    0x80, 0x3f, 0xe0, 0x7f, 0xe0, 0x3f, 0xe0, 0xf,
    0xf8, 0x1f, 0xc0, 0x3, 0xfc, 0x1f, 0xc0, 0x0,
    0xff, 0xf, 0xe0, 0x0, 0x3f, 0x87, 0xe0, 0x0,
    0xf, 0xc7, 0xf0, 0x0, 0x7, 0xf3, 0xf0, 0x0,
    0x1, 0xf9, 0xf8, 0x0, 0x0, 0xfc, 0xfc, 0x0,
    0x0, 0x7e, 0xfc, 0x0, 0x0, 0x3f, 0xfe, 0x0,
    0x0, 0xf, 0xff, 0x0, 0x0, 0x7, 0xff, 0x80,
    0x0, 0x3, 0xff, 0xc0, 0x0, 0x1, 0xff, 0xe0,
    0x0, 0x0, 0xff, 0xf0, 0x0, 0x0, 0x7f, 0xf8,
    0x0, 0x0, 0x3f, 0xfc, 0x0, 0x0, 0x1f, 0xfe,
    0x0, 0x0, 0xf, 0xff, 0x0, 0x0, 0x7, 0xff,
    0x80, 0x0, 0x3, 0xff, 0xc0, 0x0, 0x3, 0xfb,
    0xf0, 0x0, 0x1, 0xf9, 0xf8, 0x0, 0x0, 0xfc,
    0xfc, 0x0, 0x0, 0x7e, 0x7f, 0x0, 0x0, 0x7f,
    0x1f, 0x80, 0x0, 0x3f, 0xf, 0xe0, 0x0, 0x3f,
    0x87, 0xf8, 0x0, 0x3f, 0xc1, 0xfc, 0x0, 0x1f,
    0xc0, 0xff, 0x80, 0x3f, 0xe0, 0x3f, 0xf0, 0x7f,
    0xe0, 0xf, 0xff, 0xff, 0xe0, 0x3, 0xff, 0xff,
    0xe0, 0x0, 0xff, 0xff, 0xe0, 0x0, 0x3f, 0xff,
    0xe0, 0x0, 0x7, 0xff, 0xc0, 0x0, 0x0, 0x7f,
    0x0, 0x0,

    /* U+0070 "p" */
    0x0, 0xf, 0xe0, 0x0, 0x0, 0x7f, 0xf8, 0x3,
    0xf1, 0xff, 0xf8, 0x7, 0xe7, 0xff, 0xfc, 0xf,
    0xdf, 0xff, 0xfc, 0x1f, 0xff, 0xff, 0xf8, 0x3f,
    0xfe, 0xf, 0xf8, 0x7f, 0xf0, 0x7, 0xf8, 0xff,
    0xc0, 0x7, 0xf1, 0xff, 0x0, 0x7, 0xf3, 0xfc,
    0x0, 0xf, 0xe7, 0xf8, 0x0, 0xf, 0xcf, 0xe0,
    0x0, 0x1f, 0xdf, 0xc0, 0x0, 0x1f, 0xbf, 0x80,
    0x0, 0x3f, 0x7e, 0x0, 0x0, 0x7e, 0xfc, 0x0,
    0x0, 0x7f, 0xf8, 0x0, 0x0, 0xff, 0xf0, 0x0,
    0x1, 0xff, 0xe0, 0x0, 0x3, 0xff, 0xc0, 0x0,
    0x7, 0xff, 0x80, 0x0, 0xf, 0xff, 0x0, 0x0,
    0x1f, 0xfe, 0x0, 0x0, 0x3f, 0xfc, 0x0, 0x0,
    0x7f, 0xf8, 0x0, 0x0, 0xff, 0xf0, 0x0, 0x1,
    0xff, 0xe0, 0x0, 0x3, 0xff, 0xc0, 0x0, 0x7,
    0xff, 0x80, 0x0, 0x1f, 0xbf, 0x0, 0x0, 0x3f,
    0x7f, 0x0, 0x0, 0x7e, 0xfe, 0x0, 0x1, 0xfd,
    0xfc, 0x0, 0x3, 0xf3, 0xfc, 0x0, 0xf, 0xe7,
    0xfc, 0x0, 0x1f, 0xcf, 0xfc, 0x0, 0x7f, 0x1f,
    0xfc, 0x1, 0xfc, 0x3f, 0xfe, 0xf, 0xf8, 0x7f,
    0xff, 0xff, 0xe0, 0xfd, 0xff, 0xff, 0x81, 0xf9,
    0xff, 0xfe, 0x3, 0xf1, 0xff, 0xf8, 0x7, 0xe1,
    0xff, 0xc0, 0xf, 0xc0, 0xfe, 0x0, 0x1f, 0x80,
    0x0, 0x0, 0x3f, 0x0, 0x0, 0x0, 0x7e, 0x0,
    0x0, 0x0, 0xfc, 0x0, 0x0, 0x1, 0xf8, 0x0,
    0x0, 0x3, 0xf0, 0x0, 0x0, 0x7, 0xe0, 0x0,
    0x0, 0xf, 0xc0, 0x0, 0x0, 0x1f, 0x80, 0x0,
    0x0, 0x3f, 0x0, 0x0, 0x0, 0x7e, 0x0, 0x0,
    0x0, 0xfc, 0x0, 0x0, 0x1, 0xf8, 0x0, 0x0,
    0x3, 0xf0, 0x0, 0x0, 0x7, 0xe0, 0x0, 0x0,
    0xf, 0xc0, 0x0, 0x0, 0x0,

    /* U+0071 "q" */
    0x0, 0x1f, 0xe0, 0x0, 0x0, 0xff, 0xf0, 0x0,
    0x7, 0xff, 0xf0, 0xf8, 0x1f, 0xff, 0xf1, 0xf0,
    0x7f, 0xff, 0xf3, 0xe1, 0xff, 0xff, 0xf7, 0xc3,
    0xfe, 0xf, 0xef, 0x8f, 0xf0, 0x7, 0xff, 0x1f,
    0xc0, 0x7, 0xfe, 0x7f, 0x0, 0x7, 0xfc, 0xfc,
    0x0, 0x7, 0xf9, 0xf8, 0x0, 0xf, 0xf7, 0xe0,
    0x0, 0xf, 0xef, 0xc0, 0x0, 0x1f, 0xdf, 0x80,
    0x0, 0x3f, 0xbf, 0x0, 0x0, 0x3f, 0xfc, 0x0,
    0x0, 0x7f, 0xf8, 0x0, 0x0, 0xff, 0xf0, 0x0,
    0x1, 0xff, 0xe0, 0x0, 0x3, 0xff, 0xc0, 0x0,
    0x7, 0xff, 0x80, 0x0, 0xf, 0xff, 0x0, 0x0,
    0xf, 0xfe, 0x0, 0x0, 0x1f, 0xfc, 0x0, 0x0,
    0x3f, 0xf8, 0x0, 0x0, 0xff, 0xf0, 0x0, 0x1,
    0xff, 0xe0, 0x0, 0x3, 0xff, 0xc0, 0x0, 0x7,
    0xef, 0xc0, 0x0, 0xf, 0xdf, 0x80, 0x0, 0x1f,
    0xbf, 0x0, 0x0, 0x7f, 0x7f, 0x0, 0x0, 0xfe,
    0x7e, 0x0, 0x1, 0xfc, 0xfe, 0x0, 0x7, 0xf8,
    0xfc, 0x0, 0x1f, 0xf1, 0xfc, 0x0, 0x7f, 0xe1,
    0xfe, 0x1, 0xff, 0xc3, 0xfe, 0x7, 0xff, 0x83,
    0xff, 0xff, 0xff, 0x3, 0xff, 0xff, 0x7e, 0x3,
    0xff, 0xfc, 0xfc, 0x3, 0xff, 0xf1, 0xf8, 0x1,
    0xff, 0xc3, 0xf0, 0x0, 0xfe, 0x7, 0xe0, 0x0,
    0x0, 0xf, 0xc0, 0x0, 0x0, 0x1f, 0x80, 0x0,
    0x0, 0x3f, 0x0, 0x0, 0x0, 0x7e, 0x0, 0x0,
    0x0, 0xfc, 0x0, 0x0, 0x1, 0xf8, 0x0, 0x0,
    0x3, 0xf0, 0x0, 0x0, 0x7, 0xe0, 0x0, 0x0,
    0xf, 0xc0, 0x0, 0x0, 0x1f, 0x80, 0x0, 0x0,
    0x3f, 0x0, 0x0, 0x0, 0x7e, 0x0, 0x0, 0x0,
    0xfc, 0x0, 0x0, 0x1, 0xf8, 0x0, 0x0, 0x3,
    0xf0, 0x0, 0x0, 0x7, 0xe0,

    /* U+0072 "r" */
    0x0, 0x1f, 0x1f, 0xf, 0xfb, 0xe3, 0xff, 0xfc,
    0xff, 0xff, 0x9f, 0xff, 0xf7, 0xff, 0xbe, 0xff,
    0xf7, 0xff, 0xe, 0xff, 0x80, 0x1f, 0xe0, 0x3,
    0xfc, 0x0, 0x7f, 0x0, 0xf, 0xe0, 0x1, 0xfc,
    0x0, 0x3f, 0x80, 0x7, 0xe0, 0x0, 0xfc, 0x0,
    0x1f, 0x80, 0x3, 0xf0, 0x0, 0x7e, 0x0, 0xf,
    0xc0, 0x1, 0xf8, 0x0, 0x3f, 0x0, 0x7, 0xe0,
    0x0, 0xfc, 0x0, 0x1f, 0x80, 0x3, 0xf0, 0x0,
    0x7e, 0x0, 0xf, 0xc0, 0x1, 0xf8, 0x0, 0x3f,
    0x0, 0x7, 0xe0, 0x0, 0xfc, 0x0, 0x1f, 0x80,
    0x3, 0xf0, 0x0, 0x7e, 0x0, 0xf, 0xc0, 0x1,
    0xf8, 0x0, 0x3f, 0x0, 0x7, 0xe0, 0x0, 0xfc,
    0x0, 0x1f, 0x80, 0x3, 0xf0, 0x0, 0x7e, 0x0,
    0x0,

    /* U+0073 "s" */
    0x0, 0x3f, 0xc0, 0x0, 0xf, 0xff, 0xc0, 0x0,
    0xff, 0xff, 0x80, 0x1f, 0xff, 0xfe, 0x0, 0xff,
    0xff, 0xf8, 0xf, 0xff, 0xff, 0xe0, 0xff, 0x80,
    0xff, 0x7, 0xf0, 0x3, 0xfc, 0x7f, 0x0, 0xf,
    0xe3, 0xf0, 0x0, 0x3f, 0x1f, 0x80, 0x1, 0xf8,
    0xfc, 0x0, 0x7, 0xe7, 0xe0, 0x0, 0x38, 0x3f,
    0x0, 0x0, 0x1, 0xfc, 0x0, 0x0, 0xf, 0xf0,
    0x0, 0x0, 0x3f, 0xe0, 0x0, 0x1, 0xff, 0xe0,
    0x0, 0xf, 0xff, 0xe0, 0x0, 0x3f, 0xff, 0xe0,
    0x0, 0xff, 0xff, 0xc0, 0x3, 0xff, 0xff, 0x80,
    0xf, 0xff, 0xff, 0x0, 0xf, 0xff, 0xfc, 0x0,
    0x1f, 0xff, 0xe0, 0x0, 0x1f, 0xff, 0x80, 0x0,
    0x1f, 0xfc, 0x0, 0x0, 0x1f, 0xf0, 0x0, 0x0,
    0x7f, 0x80, 0x0, 0x1, 0xfc, 0x30, 0x0, 0x7,
    0xff, 0x80, 0x0, 0x3f, 0xfe, 0x0, 0x1, 0xfb,
    0xf0, 0x0, 0xf, 0xdf, 0x80, 0x0, 0x7e, 0xfe,
    0x0, 0x7, 0xe3, 0xf8, 0x0, 0x7f, 0x1f, 0xe0,
    0x7, 0xf8, 0xff, 0xc0, 0xff, 0x83, 0xff, 0xff,
    0xfc, 0xf, 0xff, 0xff, 0xc0, 0x3f, 0xff, 0xfc,
    0x0, 0xff, 0xff, 0xc0, 0x1, 0xff, 0xf8, 0x0,
    0x3, 0xfe, 0x0, 0x0,

    /* U+0074 "t" */
    0x0, 0x40, 0x0, 0x60, 0x0, 0x70, 0x0, 0xf8,
    0x0, 0xfc, 0x0, 0x7e, 0x0, 0x3f, 0x0, 0x1f,
    0x80, 0xf, 0xc0, 0x7, 0xe0, 0x3, 0xf0, 0x1,
    0xf8, 0x0, 0xfc, 0x0, 0x7e, 0x0, 0x3f, 0x1,
    0xff, 0xfe, 0xff, 0xff, 0x7f, 0xff, 0xbf, 0xff,
    0xdf, 0xff, 0xef, 0xff, 0xf0, 0x7e, 0x0, 0x3f,
    0x0, 0x1f, 0x80, 0xf, 0xc0, 0x7, 0xe0, 0x3,
    0xf0, 0x1, 0xf8, 0x0, 0xfc, 0x0, 0x7e, 0x0,
    0x3f, 0x0, 0x1f, 0x80, 0xf, 0xc0, 0x7, 0xe0,
    0x3, 0xf0, 0x1, 0xf8, 0x0, 0xfc, 0x0, 0x7e,
    0x0, 0x3f, 0x0, 0x1f, 0x80, 0xf, 0xc0, 0x7,
    0xe0, 0x3, 0xf0, 0x1, 0xf8, 0x0, 0xfc, 0x0,
    0x7e, 0x0, 0x3f, 0x0, 0x1f, 0x80, 0xf, 0xc0,
    0x7, 0xe0, 0x3, 0xf8, 0x1, 0xfc, 0x0, 0xff,
    0xf0, 0x7f, 0xf8, 0x1f, 0xfc, 0xf, 0xfe, 0x3,
    0xff, 0x80, 0xff, 0xc0, 0x1f, 0xc0,

    /* U+0075 "u" */
    0xfc, 0x0, 0x1, 0xff, 0xe0, 0x0, 0xf, 0xff,
    0x0, 0x0, 0x7f, 0xf8, 0x0, 0x3, 0xff, 0xc0,
    0x0, 0x1f, 0xfe, 0x0, 0x0, 0xff, 0xf0, 0x0,
    0x7, 0xff, 0x80, 0x0, 0x3f, 0xfc, 0x0, 0x1,
    0xff, 0xe0, 0x0, 0xf, 0xff, 0x0, 0x0, 0x7f,
    0xf8, 0x0, 0x3, 0xff, 0xc0, 0x0, 0x1f, 0xfe,
    0x0, 0x0, 0xff, 0xf0, 0x0, 0x7, 0xff, 0x80,
    0x0, 0x3f, 0xfc, 0x0, 0x1, 0xff, 0xe0, 0x0,
    0xf, 0xff, 0x0, 0x0, 0x7f, 0xf8, 0x0, 0x3,
    0xff, 0xc0, 0x0, 0x1f, 0xfe, 0x0, 0x0, 0xff,
    0xf0, 0x0, 0x7, 0xff, 0x80, 0x0, 0x3f, 0xfc,
    0x0, 0x1, 0xff, 0xe0, 0x0, 0xf, 0xff, 0x0,
    0x0, 0x7f, 0xf8, 0x0, 0x3, 0xff, 0xc0, 0x0,
    0x1f, 0xfe, 0x0, 0x1, 0xff, 0xf0, 0x0, 0xf,
    0xff, 0x80, 0x0, 0x7f, 0xfe, 0x0, 0x3, 0xff,
    0xf0, 0x0, 0x3f, 0xdf, 0x80, 0x1, 0xfe, 0xfe,
    0x0, 0x1f, 0xf7, 0xf8, 0x3, 0xff, 0x9f, 0xf0,
    0x7f, 0x7c, 0xff, 0xff, 0xfb, 0xe3, 0xff, 0xff,
    0x9f, 0xf, 0xff, 0xf8, 0xf8, 0x3f, 0xff, 0x87,
    0xc0, 0xff, 0xf0, 0x3e, 0x0, 0xfe, 0x0, 0x0,

    /* U+0076 "v" */
    0xfc, 0x0, 0x0, 0x3f, 0xfe, 0x0, 0x0, 0x3f,
    0x7e, 0x0, 0x0, 0x7e, 0x7e, 0x0, 0x0, 0x7e,
    0x7f, 0x0, 0x0, 0x7e, 0x3f, 0x0, 0x0, 0xfe,
    0x3f, 0x0, 0x0, 0xfc, 0x3f, 0x0, 0x0, 0xfc,
    0x3f, 0x80, 0x0, 0xfc, 0x1f, 0x80, 0x1, 0xf8,
    0x1f, 0x80, 0x1, 0xf8, 0x1f, 0xc0, 0x1, 0xf8,
    0xf, 0xc0, 0x3, 0xf0, 0xf, 0xc0, 0x3, 0xf0,
    0xf, 0xc0, 0x3, 0xf0, 0x7, 0xe0, 0x7, 0xe0,
    0x7, 0xe0, 0x7, 0xe0, 0x7, 0xe0, 0x7, 0xe0,
    0x3, 0xf0, 0x7, 0xc0, 0x3, 0xf0, 0xf, 0xc0,
    0x3, 0xf0, 0xf, 0xc0, 0x1, 0xf0, 0xf, 0xc0,
    0x1, 0xf8, 0x1f, 0x80, 0x1, 0xf8, 0x1f, 0x80,
    0x1, 0xf8, 0x1f, 0x80, 0x0, 0xfc, 0x3f, 0x0,
    0x0, 0xfc, 0x3f, 0x0, 0x0, 0xfc, 0x3f, 0x0,
    0x0, 0x7e, 0x3e, 0x0, 0x0, 0x7e, 0x7e, 0x0,
    0x0, 0x7e, 0x7e, 0x0, 0x0, 0x3e, 0x7c, 0x0,
    0x0, 0x3f, 0xfc, 0x0, 0x0, 0x3f, 0xfc, 0x0,
    0x0, 0x1f, 0xfc, 0x0, 0x0, 0x1f, 0xf8, 0x0,
    0x0, 0x1f, 0xf8, 0x0, 0x0, 0xf, 0xf8, 0x0,
    0x0, 0xf, 0xf0, 0x0, 0x0, 0xf, 0xf0, 0x0,
    0x0, 0xf, 0xf0, 0x0, 0x0, 0x7, 0xe0, 0x0,
    0x0, 0x7, 0xe0, 0x0,

    /* U+0077 "w" */
    0xfc, 0x0, 0x7, 0xf0, 0x0, 0x1f, 0x7f, 0x0,
    0x3, 0xf8, 0x0, 0x1f, 0x9f, 0x80, 0x1, 0xfc,
    0x0, 0xf, 0xcf, 0xc0, 0x0, 0xfe, 0x0, 0x7,
    0xe7, 0xe0, 0x0, 0xff, 0x80, 0x3, 0xe3, 0xf8,
    0x0, 0x7f, 0xc0, 0x3, 0xf0, 0xfc, 0x0, 0x3f,
    0xe0, 0x1, 0xf8, 0x7e, 0x0, 0x1f, 0xf0, 0x0,
    0xfc, 0x3f, 0x0, 0xf, 0xf8, 0x0, 0x7c, 0x1f,
    0x80, 0xf, 0xfe, 0x0, 0x7e, 0x7, 0xe0, 0x7,
    0xff, 0x0, 0x3f, 0x3, 0xf0, 0x3, 0xef, 0x80,
    0x1f, 0x81, 0xf8, 0x1, 0xf7, 0xc0, 0xf, 0x80,
    0xfc, 0x1, 0xfb, 0xe0, 0xf, 0xc0, 0x3f, 0x0,
    0xf9, 0xf8, 0x7, 0xe0, 0x1f, 0x80, 0x7c, 0xfc,
    0x3, 0xf0, 0xf, 0xc0, 0x3e, 0x7e, 0x1, 0xf0,
    0x7, 0xe0, 0x1f, 0x1f, 0x1, 0xf8, 0x1, 0xf0,
    0x1f, 0xf, 0x80, 0xfc, 0x0, 0xfc, 0xf, 0x87,
    0xe0, 0x7e, 0x0, 0x7e, 0x7, 0xc3, 0xf0, 0x3e,
    0x0, 0x3f, 0x3, 0xe0, 0xf8, 0x3f, 0x0, 0xf,
    0x83, 0xf0, 0x7c, 0x1f, 0x80, 0x7, 0xe1, 0xf0,
    0x3f, 0xf, 0x80, 0x3, 0xf0, 0xf8, 0x1f, 0x87,
    0xc0, 0x1, 0xf8, 0x7c, 0xf, 0xc7, 0xe0, 0x0,
    0x7c, 0x3e, 0x3, 0xe3, 0xf0, 0x0, 0x3e, 0x3f,
    0x1, 0xf1, 0xf0, 0x0, 0x1f, 0x9f, 0x0, 0xfc,
    0xf8, 0x0, 0xf, 0xcf, 0x80, 0x7e, 0xfc, 0x0,
    0x3, 0xe7, 0xc0, 0x1f, 0x7e, 0x0, 0x1, 0xf7,
    0xe0, 0xf, 0xbe, 0x0, 0x0, 0xff, 0xe0, 0x7,
    0xdf, 0x0, 0x0, 0x7f, 0xf0, 0x3, 0xff, 0x80,
    0x0, 0x1f, 0xf8, 0x1, 0xff, 0xc0, 0x0, 0xf,
    0xfc, 0x0, 0x7f, 0xc0, 0x0, 0x7, 0xfe, 0x0,
    0x3f, 0xe0, 0x0, 0x3, 0xfe, 0x0, 0x1f, 0xf0,
    0x0, 0x0, 0xff, 0x0, 0xf, 0xf8, 0x0, 0x0,
    0x7f, 0x80, 0x7, 0xf8, 0x0, 0x0, 0x3f, 0xc0,
    0x1, 0xfc, 0x0, 0x0, 0x1f, 0xc0, 0x0, 0xfe,
    0x0, 0x0, 0x7, 0xe0, 0x0, 0x7f, 0x0, 0x0,

    /* U+0078 "x" */
    0x3f, 0x80, 0x0, 0x7f, 0xf, 0xf0, 0x0, 0x1f,
    0xc1, 0xfc, 0x0, 0xf, 0xe0, 0x7f, 0x80, 0x7,
    0xf0, 0xf, 0xe0, 0x1, 0xfc, 0x1, 0xfc, 0x0,
    0xfe, 0x0, 0x7f, 0x0, 0x3f, 0x80, 0xf, 0xe0,
    0x1f, 0xc0, 0x3, 0xfc, 0xf, 0xe0, 0x0, 0x7f,
    0x3, 0xf8, 0x0, 0xf, 0xe1, 0xfc, 0x0, 0x3,
    0xf8, 0x7f, 0x0, 0x0, 0x7f, 0x3f, 0x80, 0x0,
    0x1f, 0xcf, 0xc0, 0x0, 0x3, 0xff, 0xf0, 0x0,
    0x0, 0xff, 0xf8, 0x0, 0x0, 0x1f, 0xfe, 0x0,
    0x0, 0x3, 0xff, 0x0, 0x0, 0x0, 0xff, 0x80,
    0x0, 0x0, 0x1f, 0xe0, 0x0, 0x0, 0x7, 0xf8,
    0x0, 0x0, 0x1, 0xfe, 0x0, 0x0, 0x0, 0xff,
    0xc0, 0x0, 0x0, 0x3f, 0xf0, 0x0, 0x0, 0x1f,
    0xfe, 0x0, 0x0, 0x7, 0xff, 0x80, 0x0, 0x3,
    0xff, 0xf0, 0x0, 0x1, 0xfc, 0xfe, 0x0, 0x0,
    0x7f, 0x3f, 0x80, 0x0, 0x3f, 0x87, 0xf0, 0x0,
    0xf, 0xe1, 0xfc, 0x0, 0x7, 0xf0, 0x3f, 0x80,
    0x1, 0xf8, 0xf, 0xe0, 0x0, 0xfe, 0x1, 0xfc,
    0x0, 0x7f, 0x0, 0x3f, 0x80, 0x1f, 0xc0, 0xf,
    0xe0, 0xf, 0xe0, 0x1, 0xfc, 0x3, 0xf8, 0x0,
    0x7f, 0x1, 0xfc, 0x0, 0xf, 0xe0, 0xff, 0x0,
    0x3, 0xfc, 0x3f, 0x80, 0x0, 0x7f, 0x1f, 0xe0,
    0x0, 0x1f, 0xe7, 0xf0, 0x0, 0x3, 0xf8,

    /* U+0079 "y" */
    0xfe, 0x0, 0x0, 0x3f, 0xfe, 0x0, 0x0, 0x3f,
    0x7e, 0x0, 0x0, 0x3f, 0x7e, 0x0, 0x0, 0x3f,
    0x7f, 0x0, 0x0, 0x7e, 0x3f, 0x0, 0x0, 0x7e,
    0x3f, 0x0, 0x0, 0x7e, 0x3f, 0x80, 0x0, 0xfc,
    0x1f, 0x80, 0x0, 0xfc, 0x1f, 0x80, 0x0, 0xfc,
    0x1f, 0x80, 0x1, 0xf8, 0xf, 0xc0, 0x1, 0xf8,
    0xf, 0xc0, 0x1, 0xf8, 0xf, 0xc0, 0x1, 0xf0,
    0xf, 0xe0, 0x3, 0xf0, 0x7, 0xe0, 0x3, 0xf0,
    0x7, 0xe0, 0x3, 0xf0, 0x7, 0xf0, 0x7, 0xe0,
    0x3, 0xf0, 0x7, 0xe0, 0x3, 0xf0, 0x7, 0xe0,
    0x3, 0xf0, 0xf, 0xc0, 0x1, 0xf8, 0xf, 0xc0,
    0x1, 0xf8, 0xf, 0xc0, 0x1, 0xf8, 0xf, 0x80,
    0x0, 0xfc, 0x1f, 0x80, 0x0, 0xfc, 0x1f, 0x80,
    0x0, 0xfc, 0x1f, 0x0, 0x0, 0xfc, 0x3f, 0x0,
    0x0, 0x7e, 0x3f, 0x0, 0x0, 0x7e, 0x3f, 0x0,
    0x0, 0x7e, 0x3e, 0x0, 0x0, 0x3f, 0x7e, 0x0,
    0x0, 0x3f, 0x7e, 0x0, 0x0, 0x3f, 0x7c, 0x0,
    0x0, 0x1f, 0x7c, 0x0, 0x0, 0x1f, 0xfc, 0x0,
    0x0, 0x1f, 0xf8, 0x0, 0x0, 0xf, 0xf8, 0x0,
    0x0, 0xf, 0xf8, 0x0, 0x0, 0xf, 0xf0, 0x0,
    0x0, 0x7, 0xf0, 0x0, 0x0, 0x7, 0xf0, 0x0,
    0x0, 0x7, 0xf0, 0x0, 0x0, 0x7, 0xe0, 0x0,
    0x0, 0x7, 0xe0, 0x0, 0x0, 0x7, 0xe0, 0x0,
    0x0, 0x7, 0xc0, 0x0, 0x0, 0xf, 0xc0, 0x0,
    0x0, 0xf, 0xc0, 0x0, 0x0, 0xf, 0x80, 0x0,
    0x0, 0x1f, 0x80, 0x0, 0x0, 0x1f, 0x80, 0x0,
    0x0, 0x3f, 0x0, 0x0, 0x0, 0x7f, 0x0, 0x0,
    0x1f, 0xfe, 0x0, 0x0, 0x1f, 0xfe, 0x0, 0x0,
    0x1f, 0xfc, 0x0, 0x0, 0x1f, 0xfc, 0x0, 0x0,
    0x1f, 0xf8, 0x0, 0x0, 0x1f, 0xf0, 0x0, 0x0,
    0xf, 0xc0, 0x0, 0x0,

    /* U+007A "z" */
    0x7f, 0xff, 0xff, 0xfc, 0xff, 0xff, 0xff, 0xf9,
    0xff, 0xff, 0xff, 0xf3, 0xff, 0xff, 0xff, 0xe7,
    0xff, 0xff, 0xff, 0xcf, 0xff, 0xff, 0xff, 0x80,
    0x0, 0x0, 0xfe, 0x0, 0x0, 0x3, 0xf8, 0x0,
    0x0, 0xf, 0xf0, 0x0, 0x0, 0x1f, 0xc0, 0x0,
    0x0, 0x7f, 0x0, 0x0, 0x1, 0xfc, 0x0, 0x0,
    0x3, 0xf8, 0x0, 0x0, 0xf, 0xe0, 0x0, 0x0,
    0x3f, 0x80, 0x0, 0x0, 0xff, 0x0, 0x0, 0x1,
    0xfc, 0x0, 0x0, 0x7, 0xf0, 0x0, 0x0, 0x1f,
    0xe0, 0x0, 0x0, 0x3f, 0x80, 0x0, 0x0, 0xfe,
    0x0, 0x0, 0x3, 0xf8, 0x0, 0x0, 0x7, 0xf0,
    0x0, 0x0, 0x1f, 0xc0, 0x0, 0x0, 0x7f, 0x0,
    0x0, 0x1, 0xfe, 0x0, 0x0, 0x3, 0xf8, 0x0,
    0x0, 0xf, 0xe0, 0x0, 0x0, 0x3f, 0xc0, 0x0,
    0x0, 0x7f, 0x0, 0x0, 0x1, 0xfc, 0x0, 0x0,
    0x7, 0xf0, 0x0, 0x0, 0x1f, 0xe0, 0x0, 0x0,
    0x3f, 0x80, 0x0, 0x0, 0xfe, 0x0, 0x0, 0x3,
    0xf8, 0x0, 0x0, 0x7, 0xf0, 0x0, 0x0, 0x1f,
    0xff, 0xff, 0xff, 0xff, 0xff, 0xff, 0xff, 0xff,
    0xff, 0xff, 0xff, 0xff, 0xff, 0xff, 0xff, 0xff,
    0xff, 0xff, 0xff, 0xff, 0xff, 0xff, 0xf8,

    /* U+007B "{" */
    0x0, 0x7, 0xf0, 0x1, 0xff, 0x0, 0x3f, 0xf0,
    0x7, 0xff, 0x0, 0x7f, 0xf0, 0xf, 0xff, 0x0,
    0xff, 0x0, 0xf, 0xc0, 0x1, 0xfc, 0x0, 0x1f,
    0x80, 0x1, 0xf8, 0x0, 0x1f, 0x80, 0x1, 0xf8,
    0x0, 0x1f, 0x80, 0x1, 0xf8, 0x0, 0x1f, 0x80,
    0x1, 0xf8, 0x0, 0x1f, 0x80, 0x1, 0xf8, 0x0,
    0x1f, 0x80, 0x1, 0xf8, 0x0, 0x1f, 0x80, 0x1,
    0xf8, 0x0, 0x1f, 0x80, 0x1, 0xf8, 0x0, 0x1f,
    0x80, 0x1, 0xf8, 0x0, 0x1f, 0x80, 0x1, 0xf8,
    0x0, 0x3f, 0x0, 0x3, 0xf0, 0x0, 0x3f, 0x0,
    0x3, 0xf0, 0x0, 0x7e, 0x0, 0xf, 0xe0, 0x3,
    0xfc, 0x0, 0xff, 0x80, 0xf, 0xf0, 0x0, 0xfe,
    0x0, 0xf, 0xe0, 0x0, 0xff, 0x0, 0xf, 0xf8,
    0x0, 0x1f, 0xc0, 0x0, 0xfe, 0x0, 0x7, 0xe0,
    0x0, 0x3f, 0x0, 0x3, 0xf0, 0x0, 0x3f, 0x0,
    0x3, 0xf0, 0x0, 0x1f, 0x80, 0x1, 0xf8, 0x0,
    0x1f, 0x80, 0x1, 0xf8, 0x0, 0x1f, 0x80, 0x1,
    0xf8, 0x0, 0x1f, 0x80, 0x1, 0xf8, 0x0, 0x1f,
    0x80, 0x1, 0xf8, 0x0, 0x1f, 0x80, 0x1, 0xf8,
    0x0, 0x1f, 0x80, 0x1, 0xf8, 0x0, 0x1f, 0x80,
    0x1, 0xf8, 0x0, 0x1f, 0x80, 0x1, 0xf8, 0x0,
    0x1f, 0x80, 0x1, 0xf8, 0x0, 0x1f, 0xc0, 0x0,
    0xfc, 0x0, 0xf, 0xe0, 0x0, 0xff, 0xf0, 0x7,
    0xff, 0x0, 0x7f, 0xf0, 0x3, 0xff, 0x0, 0x1f,
    0xf0, 0x0, 0x7f,

    /* U+007C "|" */
    0xff, 0xff, 0xff, 0xff, 0xff, 0xff, 0xff, 0xff,
    0xff, 0xff, 0xff, 0xff, 0xff, 0xff, 0xff, 0xff,
    0xff, 0xff, 0xff, 0xff, 0xff, 0xff, 0xff, 0xff,
    0xff, 0xff, 0xff, 0xff, 0xff, 0xff, 0xff, 0xff,
    0xff, 0xff, 0xff, 0xff, 0xff, 0xff, 0xff, 0xff,
    0xff, 0xff, 0xff, 0xff, 0xff, 0xff, 0xff, 0xff,
    0xfc,

    /* U+007D "}" */
    0xfe, 0x0, 0xf, 0xf8, 0x0, 0xff, 0xc0, 0xf,
    0xfe, 0x0, 0xff, 0xe0, 0xf, 0xff, 0x0, 0x7,
    0xf0, 0x0, 0x3f, 0x0, 0x3, 0xf0, 0x0, 0x1f,
    0x80, 0x1, 0xf8, 0x0, 0x1f, 0x80, 0x1, 0xf8,
    0x0, 0x1f, 0x80, 0x1, 0xf8, 0x0, 0x1f, 0x80,
    0x1, 0xf8, 0x0, 0x1f, 0x80, 0x1, 0xf8, 0x0,
    0x1f, 0x80, 0x1, 0xf8, 0x0, 0x1f, 0x80, 0x1,
    0xf8, 0x0, 0x1f, 0x80, 0x1, 0xf8, 0x0, 0x1f,
    0x80, 0x1, 0xf8, 0x0, 0x1f, 0x80, 0x1, 0xf8,
    0x0, 0xf, 0x80, 0x0, 0xfc, 0x0, 0xf, 0xc0,
    0x0, 0xfc, 0x0, 0x7, 0xe0, 0x0, 0x7f, 0x0,
    0x3, 0xf8, 0x0, 0x1f, 0xf0, 0x0, 0xff, 0x0,
    0x7, 0xf0, 0x0, 0x7f, 0x0, 0xf, 0xf0, 0x1,
    0xff, 0x0, 0x3f, 0x80, 0x7, 0xf0, 0x0, 0x7e,
    0x0, 0xf, 0xc0, 0x0, 0xfc, 0x0, 0xf, 0xc0,
    0x0, 0xf8, 0x0, 0x1f, 0x80, 0x1, 0xf8, 0x0,
    0x1f, 0x80, 0x1, 0xf8, 0x0, 0x1f, 0x80, 0x1,
    0xf8, 0x0, 0x1f, 0x80, 0x1, 0xf8, 0x0, 0x1f,
    0x80, 0x1, 0xf8, 0x0, 0x1f, 0x80, 0x1, 0xf8,
    0x0, 0x1f, 0x80, 0x1, 0xf8, 0x0, 0x1f, 0x80,
    0x1, 0xf8, 0x0, 0x1f, 0x80, 0x1, 0xf8, 0x0,
    0x1f, 0x80, 0x1, 0xf8, 0x0, 0x3f, 0x0, 0x3,
    0xf0, 0x0, 0xff, 0x0, 0xff, 0xf0, 0xf, 0xfe,
    0x0, 0xff, 0xe0, 0xf, 0xfc, 0x0, 0xff, 0x80,
    0xf, 0xe0, 0x0,

    /* U+007E "~" */
    0x3, 0xf0, 0x0, 0x0, 0x3, 0xff, 0x80, 0x0,
    0x13, 0xff, 0xf8, 0x0, 0xd, 0xff, 0xff, 0x80,
    0x7, 0x7f, 0xff, 0xf8, 0x3, 0xff, 0xff, 0xff,
    0x83, 0xff, 0xff, 0xff, 0xff, 0xff, 0xf0, 0x7f,
    0xff, 0xff, 0xf0, 0x3, 0xff, 0xff, 0xb8, 0x0,
    0x7f, 0xff, 0xec, 0x0, 0x7, 0xff, 0xe2, 0x0,
    0x0, 0x7f, 0xf0, 0x0, 0x0, 0x7, 0xf0, 0x0
};


/*---------------------
 *  GLYPH DESCRIPTION
 *--------------------*/

static const lv_font_fmt_txt_glyph_dsc_t glyph_dsc[] = {
    {.bitmap_index = 0, .adv_w = 0, .box_w = 0, .box_h = 0, .ofs_x = 0, .ofs_y = 0} /* id = 0 reserved */,
    {.bitmap_index = 0, .adv_w = 303, .box_w = 1, .box_h = 1, .ofs_x = 0, .ofs_y = 0},
    {.bitmap_index = 1, .adv_w = 303, .box_w = 7, .box_h = 59, .ofs_x = 6, .ofs_y = 0},
    {.bitmap_index = 53, .adv_w = 386, .box_w = 18, .box_h = 21, .ofs_x = 3, .ofs_y = 38},
    {.bitmap_index = 101, .adv_w = 606, .box_w = 36, .box_h = 62, .ofs_x = 1, .ofs_y = -2},
    {.bitmap_index = 380, .adv_w = 606, .box_w = 32, .box_h = 74, .ofs_x = 2, .ofs_y = -9},
    {.bitmap_index = 676, .adv_w = 968, .box_w = 52, .box_h = 63, .ofs_x = 4, .ofs_y = -2},
    {.bitmap_index = 1086, .adv_w = 726, .box_w = 40, .box_h = 61, .ofs_x = 3, .ofs_y = -1},
    {.bitmap_index = 1391, .adv_w = 209, .box_w = 7, .box_h = 21, .ofs_x = 3, .ofs_y = 38},
    {.bitmap_index = 1410, .adv_w = 362, .box_w = 16, .box_h = 78, .ofs_x = 4, .ofs_y = -17},
    {.bitmap_index = 1566, .adv_w = 362, .box_w = 16, .box_h = 78, .ofs_x = 2, .ofs_y = -17},
    {.bitmap_index = 1722, .adv_w = 423, .box_w = 23, .box_h = 25, .ofs_x = 2, .ofs_y = 35},
    {.bitmap_index = 1794, .adv_w = 636, .box_w = 32, .box_h = 39, .ofs_x = 4, .ofs_y = 10},
    {.bitmap_index = 1950, .adv_w = 303, .box_w = 7, .box_h = 20, .ofs_x = 6, .ofs_y = -12},
    {.bitmap_index = 1968, .adv_w = 362, .box_w = 18, .box_h = 7, .ofs_x = 2, .ofs_y = 18},
    {.bitmap_index = 1984, .adv_w = 303, .box_w = 7, .box_h = 8, .ofs_x = 6, .ofs_y = 0},
    {.bitmap_index = 1991, .adv_w = 303, .box_w = 19, .box_h = 62, .ofs_x = 0, .ofs_y = -1},
    {.bitmap_index = 2139, .adv_w = 606, .box_w = 32, .box_h = 61, .ofs_x = 3, .ofs_y = -1},
    {.bitmap_index = 2383, .adv_w = 606, .box_w = 18, .box_h = 59, .ofs_x = 7, .ofs_y = 0},
    {.bitmap_index = 2516, .adv_w = 606, .box_w = 32, .box_h = 60, .ofs_x = 2, .ofs_y = 0},
    {.bitmap_index = 2756, .adv_w = 606, .box_w = 31, .box_h = 61, .ofs_x = 3, .ofs_y = -1},
    {.bitmap_index = 2993, .adv_w = 606, .box_w = 34, .box_h = 59, .ofs_x = 1, .ofs_y = 0},
    {.bitmap_index = 3244, .adv_w = 606, .box_w = 32, .box_h = 60, .ofs_x = 3, .ofs_y = -1},
    {.bitmap_index = 3484, .adv_w = 606, .box_w = 32, .box_h = 61, .ofs_x = 2, .ofs_y = -1},
    {.bitmap_index = 3728, .adv_w = 606, .box_w = 32, .box_h = 59, .ofs_x = 3, .ofs_y = 0},
    {.bitmap_index = 3964, .adv_w = 606, .box_w = 32, .box_h = 61, .ofs_x = 3, .ofs_y = -1},
    {.bitmap_index = 4208, .adv_w = 606, .box_w = 32, .box_h = 61, .ofs_x = 3, .ofs_y = -1},
    {.bitmap_index = 4452, .adv_w = 303, .box_w = 7, .box_h = 43, .ofs_x = 6, .ofs_y = 0},
    {.bitmap_index = 4490, .adv_w = 303, .box_w = 7, .box_h = 55, .ofs_x = 6, .ofs_y = -12},
    {.bitmap_index = 4539, .adv_w = 636, .box_w = 33, .box_h = 40, .ofs_x = 4, .ofs_y = 9},
    {.bitmap_index = 4704, .adv_w = 636, .box_w = 32, .box_h = 25, .ofs_x = 4, .ofs_y = 17},
    {.bitmap_index = 4804, .adv_w = 636, .box_w = 33, .box_h = 40, .ofs_x = 4, .ofs_y = 9},
    {.bitmap_index = 4969, .adv_w = 606, .box_w = 31, .box_h = 60, .ofs_x = 3, .ofs_y = 0},
    {.bitmap_index = 5202, .adv_w = 1105, .box_w = 63, .box_h = 78, .ofs_x = 4, .ofs_y = -17},
    {.bitmap_index = 5817, .adv_w = 726, .box_w = 46, .box_h = 60, .ofs_x = 0, .ofs_y = 0},
    {.bitmap_index = 6162, .adv_w = 726, .box_w = 36, .box_h = 59, .ofs_x = 5, .ofs_y = 0},
    {.bitmap_index = 6428, .adv_w = 786, .box_w = 42, .box_h = 61, .ofs_x = 3, .ofs_y = -1},
    {.bitmap_index = 6749, .adv_w = 786, .box_w = 40, .box_h = 59, .ofs_x = 5, .ofs_y = 0},
    {.bitmap_index = 7044, .adv_w = 726, .box_w = 37, .box_h = 59, .ofs_x = 5, .ofs_y = 0},
    {.bitmap_index = 7317, .adv_w = 665, .box_w = 33, .box_h = 59, .ofs_x = 6, .ofs_y = 0},
    {.bitmap_index = 7561, .adv_w = 848, .box_w = 45, .box_h = 61, .ofs_x = 4, .ofs_y = -1},
    {.bitmap_index = 7905, .adv_w = 786, .box_w = 38, .box_h = 59, .ofs_x = 5, .ofs_y = 0},
    {.bitmap_index = 8186, .adv_w = 303, .box_w = 6, .box_h = 59, .ofs_x = 6, .ofs_y = 0},
    {.bitmap_index = 8231, .adv_w = 545, .box_w = 27, .box_h = 61, .ofs_x = 2, .ofs_y = -1},
    {.bitmap_index = 8437, .adv_w = 726, .box_w = 40, .box_h = 59, .ofs_x = 5, .ofs_y = 0},
    {.bitmap_index = 8732, .adv_w = 606, .box_w = 31, .box_h = 60, .ofs_x = 5, .ofs_y = 0},
    {.bitmap_index = 8965, .adv_w = 907, .box_w = 46, .box_h = 59, .ofs_x = 5, .ofs_y = 0},
    {.bitmap_index = 9305, .adv_w = 786, .box_w = 38, .box_h = 59, .ofs_x = 5, .ofs_y = 0},
    {.bitmap_index = 9586, .adv_w = 848, .box_w = 46, .box_h = 62, .ofs_x = 3, .ofs_y = -1},
    {.bitmap_index = 9943, .adv_w = 726, .box_w = 37, .box_h = 59, .ofs_x = 5, .ofs_y = 0},
    {.bitmap_index = 10216, .adv_w = 848, .box_w = 47, .box_h = 66, .ofs_x = 3, .ofs_y = -5},
    {.bitmap_index = 10604, .adv_w = 786, .box_w = 43, .box_h = 60, .ofs_x = 5, .ofs_y = -1},
    {.bitmap_index = 10927, .adv_w = 726, .box_w = 39, .box_h = 61, .ofs_x = 3, .ofs_y = -1},
    {.bitmap_index = 11225, .adv_w = 665, .box_w = 39, .box_h = 60, .ofs_x = 2, .ofs_y = -1},
    {.bitmap_index = 11518, .adv_w = 786, .box_w = 38, .box_h = 61, .ofs_x = 5, .ofs_y = -1},
    {.bitmap_index = 11808, .adv_w = 726, .box_w = 45, .box_h = 60, .ofs_x = 0, .ofs_y = 0},
    {.bitmap_index = 12146, .adv_w = 1028, .box_w = 63, .box_h = 60, .ofs_x = 1, .ofs_y = 0},
    {.bitmap_index = 12619, .adv_w = 726, .box_w = 45, .box_h = 59, .ofs_x = 0, .ofs_y = 0},
    {.bitmap_index = 12951, .adv_w = 726, .box_w = 44, .box_h = 60, .ofs_x = 0, .ofs_y = 0},
    {.bitmap_index = 13281, .adv_w = 665, .box_w = 39, .box_h = 59, .ofs_x = 1, .ofs_y = 0},
    {.bitmap_index = 13569, .adv_w = 303, .box_w = 13, .box_h = 76, .ofs_x = 5, .ofs_y = -16},
    {.bitmap_index = 13693, .adv_w = 303, .box_w = 19, .box_h = 62, .ofs_x = 0, .ofs_y = -1},
    {.bitmap_index = 13841, .adv_w = 303, .box_w = 13, .box_h = 76, .ofs_x = 1, .ofs_y = -16},
    {.bitmap_index = 13965, .adv_w = 511, .box_w = 28, .box_h = 33, .ofs_x = 2, .ofs_y = 28},
    {.bitmap_index = 14081, .adv_w = 606, .box_w = 39, .box_h = 4, .ofs_x = 0, .ofs_y = -10},
    {.bitmap_index = 14101, .adv_w = 362, .box_w = 12, .box_h = 11, .ofs_x = 3, .ofs_y = 48},
    {.bitmap_index = 14118, .adv_w = 606, .box_w = 33, .box_h = 45, .ofs_x = 2, .ofs_y = -1},
    {.bitmap_index = 14304, .adv_w = 606, .box_w = 31, .box_h = 60, .ofs_x = 4, .ofs_y = -1},
    {.bitmap_index = 14537, .adv_w = 545, .box_w = 31, .box_h = 45, .ofs_x = 3, .ofs_y = -1},
    {.bitmap_index = 14712, .adv_w = 606, .box_w = 31, .box_h = 60, .ofs_x = 2, .ofs_y = -1},
    {.bitmap_index = 14945, .adv_w = 606, .box_w = 33, .box_h = 45, .ofs_x = 2, .ofs_y = -1},
    {.bitmap_index = 15131, .adv_w = 303, .box_w = 21, .box_h = 61, .ofs_x = 1, .ofs_y = -1},
    {.bitmap_index = 15292, .adv_w = 606, .box_w = 31, .box_h = 61, .ofs_x = 2, .ofs_y = -17},
    {.bitmap_index = 15529, .adv_w = 606, .box_w = 29, .box_h = 59, .ofs_x = 4, .ofs_y = 0},
    {.bitmap_index = 15743, .adv_w = 242, .box_w = 6, .box_h = 59, .ofs_x = 4, .ofs_y = 0},
    {.bitmap_index = 15788, .adv_w = 242, .box_w = 14, .box_h = 77, .ofs_x = -4, .ofs_y = -17},
    {.bitmap_index = 15923, .adv_w = 545, .box_w = 29, .box_h = 59, .ofs_x = 5, .ofs_y = 0},
    {.bitmap_index = 16137, .adv_w = 242, .box_w = 6, .box_h = 59, .ofs_x = 4, .ofs_y = 0},
    {.bitmap_index = 16182, .adv_w = 907, .box_w = 48, .box_h = 44, .ofs_x = 4, .ofs_y = 0},
    {.bitmap_index = 16446, .adv_w = 606, .box_w = 29, .box_h = 44, .ofs_x = 4, .ofs_y = 0},
    {.bitmap_index = 16606, .adv_w = 606, .box_w = 33, .box_h = 45, .ofs_x = 2, .ofs_y = -1},
    {.bitmap_index = 16792, .adv_w = 606, .box_w = 31, .box_h = 61, .ofs_x = 4, .ofs_y = -16},
    {.bitmap_index = 17029, .adv_w = 606, .box_w = 31, .box_h = 61, .ofs_x = 2, .ofs_y = -16},
    {.bitmap_index = 17266, .adv_w = 362, .box_w = 19, .box_h = 44, .ofs_x = 4, .ofs_y = 0},
    {.bitmap_index = 17371, .adv_w = 545, .box_w = 29, .box_h = 45, .ofs_x = 2, .ofs_y = -1},
    {.bitmap_index = 17535, .adv_w = 303, .box_w = 17, .box_h = 59, .ofs_x = 1, .ofs_y = -1},
    {.bitmap_index = 17661, .adv_w = 606, .box_w = 29, .box_h = 44, .ofs_x = 4, .ofs_y = -1},
    {.bitmap_index = 17821, .adv_w = 545, .box_w = 32, .box_h = 43, .ofs_x = 1, .ofs_y = 0},
    {.bitmap_index = 17993, .adv_w = 786, .box_w = 49, .box_h = 43, .ofs_x = 0, .ofs_y = 0},
    {.bitmap_index = 18257, .adv_w = 545, .box_w = 34, .box_h = 43, .ofs_x = 0, .ofs_y = 0},
    {.bitmap_index = 18440, .adv_w = 545, .box_w = 32, .box_h = 61, .ofs_x = 1, .ofs_y = -17},
    {.bitmap_index = 18684, .adv_w = 545, .box_w = 31, .box_h = 43, .ofs_x = 1, .ofs_y = 0},
    {.bitmap_index = 18851, .adv_w = 364, .box_w = 20, .box_h = 78, .ofs_x = 2, .ofs_y = -17},
    {.bitmap_index = 19046, .adv_w = 283, .box_w = 5, .box_h = 78, .ofs_x = 6, .ofs_y = -17},
    {.bitmap_index = 19095, .adv_w = 364, .box_w = 20, .box_h = 78, .ofs_x = 1, .ofs_y = -17},
    {.bitmap_index = 19290, .adv_w = 636, .box_w = 34, .box_h = 13, .ofs_x = 3, .ofs_y = 23}
};

/*---------------------
 *  CHARACTER MAPPING
 *--------------------*/



/*Collect the unicode lists and glyph_id offsets*/
static const lv_font_fmt_txt_cmap_t cmaps[] =
{
    {
        .range_start = 32, .range_length = 95, .glyph_id_start = 1,
        .unicode_list = NULL, .glyph_id_ofs_list = NULL, .list_length = 0, .type = LV_FONT_FMT_TXT_CMAP_FORMAT0_TINY
    }
};

/*-----------------
 *    KERNING
 *----------------*/


/*Pair left and right glyphs for kerning*/
static const uint8_t kern_pair_glyph_ids[] =
{
    1, 34,
    1, 53,
    1, 58,
    18, 18,
    34, 1,
    34, 53,
    34, 55,
    34, 56,
    34, 58,
    34, 87,
    34, 88,
    34, 90,
    39, 13,
    39, 15,
    39, 34,
    45, 1,
    45, 53,
    45, 55,
    45, 56,
    45, 58,
    45, 90,
    49, 1,
    49, 13,
    49, 15,
    49, 34,
    51, 53,
    51, 55,
    51, 56,
    51, 58,
    53, 1,
    53, 13,
    53, 14,
    53, 15,
    53, 27,
    53, 28,
    53, 34,
    53, 48,
    53, 66,
    53, 68,
    53, 70,
    53, 74,
    53, 80,
    53, 83,
    53, 84,
    53, 86,
    53, 88,
    53, 90,
    55, 13,
    55, 14,
    55, 15,
    55, 27,
    55, 28,
    55, 34,
    55, 66,
    55, 70,
    55, 74,
    55, 80,
    55, 83,
    55, 86,
    55, 90,
    56, 13,
    56, 14,
    56, 15,
    56, 27,
    56, 28,
    56, 34,
    56, 66,
    56, 70,
    56, 80,
    56, 83,
    56, 86,
    56, 90,
    58, 1,
    58, 13,
    58, 14,
    58, 15,
    58, 27,
    58, 28,
    58, 34,
    58, 66,
    58, 70,
    58, 74,
    58, 80,
    58, 81,
    58, 82,
    58, 86,
    58, 87,
    71, 71,
    83, 13,
    83, 15,
    87, 13,
    87, 15,
    88, 13,
    88, 15,
    90, 13,
    90, 15
};

/* Kerning between the respective left and right glyphs
 * 4.4 format which needs to scaled with `kern_scale`*/
static const int8_t kern_pair_values[] =
{
    -50, -16, -16, -67, -50, -67, -67, -33,
    -67, -16, -16, -16, -102, -102, -50, -33,
    -67, -67, -67, -67, -33, -16, -117, -117,
    -67, -16, -16, -16, -16, -16, -102, -50,
    -102, -102, -102, -67, -16, -102, -102, -102,
    -20, -102, -33, -78, -33, -50, -50, -84,
    -50, -84, -33, -33, -67, -67, -50, -16,
    -50, -33, -33, -33, -50, -16, -50, -16,
    -16, -33, -33, -16, -16, -16, -16, -8,
    -16, -117, -84, -117, -50, -60, -67, -67,
    -84, -33, -84, -67, -84, -50, -50, -16,
    -50, -50, -67, -67, -50, -50, -67, -67
};

/*Collect the kern pair's data in one place*/
static const lv_font_fmt_txt_kern_pair_t kern_pairs =
{
    .glyph_ids = kern_pair_glyph_ids,
    .values = kern_pair_values,
    .pair_cnt = 96,
    .glyph_ids_size = 0
};

/*--------------------
 *  ALL CUSTOM DATA
 *--------------------*/

#if LVGL_VERSION_MAJOR == 8
/*Store all the custom data of the font*/
static  lv_font_fmt_txt_glyph_cache_t cache;
#endif

#if LVGL_VERSION_MAJOR >= 8
static const lv_font_fmt_txt_dsc_t font_dsc = {
#else
static lv_font_fmt_txt_dsc_t font_dsc = {
#endif
    .glyph_bitmap = glyph_bitmap,
    .glyph_dsc = glyph_dsc,
    .cmaps = cmaps,
    .kern_dsc = &kern_pairs,
    .kern_scale = 19,
    .cmap_num = 1,
    .bpp = 1,
    .kern_classes = 0,
    .bitmap_format = 0,
#if LVGL_VERSION_MAJOR == 8
    .cache = &cache
#endif
};



/*-----------------
 *  PUBLIC FONT
 *----------------*/

/*Initialize a public general font descriptor*/
#if LVGL_VERSION_MAJOR >= 8
const lv_font_t veetr_value_83 = {
#else
lv_font_t veetr_value_83 = {
#endif
    .get_glyph_dsc = lv_font_get_glyph_dsc_fmt_txt,    /*Function pointer to get glyph's data*/
    .get_glyph_bitmap = lv_font_get_bitmap_fmt_txt,    /*Function pointer to get glyph's bitmap*/
    .line_height = 82,          /*The maximum line height required by the font*/
    .base_line = 17,             /*Baseline measured from the bottom of the line*/
#if !(LVGL_VERSION_MAJOR == 6 && LVGL_VERSION_MINOR == 0)
    .subpx = LV_FONT_SUBPX_NONE,
#endif
#if LV_VERSION_CHECK(7, 4, 0) || LVGL_VERSION_MAJOR >= 8
    .underline_position = -9,
    .underline_thickness = 6,
#endif
    .dsc = &font_dsc,          /*The custom font data. Will be accessed by `get_glyph_bitmap/dsc` */
#if LV_VERSION_CHECK(8, 2, 0) || LVGL_VERSION_MAJOR >= 9
    .fallback = NULL,
#endif
    .user_data = NULL,
};



#endif /*#if VEETR_VALUE_83*/
